# 3D point list with one line of data per point.
#   POINT3D_ID, X, Y, Z, R, G, B, ERROR, TRACK[] as (IMAGE_ID, POINT2D_IDX)
1 -7845.598694 -6129.412192 1250.000000 128 128 128 0.0 2 0
2 -7845.598694 -6129.412192 3500.000000 128 128 128 0.0 2 1
3 -7845.598694 -6129.412192 5750.000000 128 128 128 0.0 2 2
4 -7854.837244 -5709.241569 1250.000000 128 128 128 0.0 2 3
5 -7854.837244 -5709.241569 3500.000000 128 128 128 0.0 2 4
6 -7854.837244 -5709.241569 5750.000000 128 128 128 0.0 2 5
7 -7864.076995 -5289.070706 1250.000000 128 128 128 0.0 2 6
8 -7864.076995 -5289.070706 3500.000000 128 128 128 0.0 2 7
9 -7864.076995 -5289.070706 5750.000000 128 128 128 0.0 2 8
10 -7873.317948 -4868.899603 1250.000000 128 128 128 0.0 2 9
11 -7873.317948 -4868.899603 3500.000000 128 128 128 0.0 2 10
12 -7873.317948 -4868.899603 5750.000000 128 128 128 0.0 2 11
13 -7882.560101 -4448.728260 1250.000000 128 128 128 0.0 2 12
14 -7882.560101 -4448.728260 3500.000000 128 128 128 0.0 2 13
15 -7882.560101 -4448.728260 5750.000000 128 128 128 0.0 2 14
16 -7891.803455 -4028.556678 1250.000000 128 128 128 0.0 2 15
17 -7891.803455 -4028.556678 3500.000000 128 128 128 0.0 2 16
18 -7891.803455 -4028.556678 5750.000000 128 128 128 0.0 2 17
19 -7901.048009 -3608.384856 1250.000000 128 128 128 0.0 2 18
20 -7901.048009 -3608.384856 3500.000000 128 128 128 0.0 2 19
21 -7901.048009 -3608.384856 5750.000000 128 128 128 0.0 2 20
22 -7910.293765 -3188.212794 1250.000000 128 128 128 0.0 2 21
23 -7910.293765 -3188.212794 3500.000000 128 128 128 0.0 2 22
24 -7910.293765 -3188.212794 5750.000000 128 128 128 0.0 2 23
25 -7919.540721 -2768.040492 1250.000000 128 128 128 0.0 2 24
26 -7919.540721 -2768.040492 3500.000000 128 128 128 0.0 2 25
27 -7919.540721 -2768.040492 5750.000000 128 128 128 0.0 2 26
28 -7928.788877 -2347.867950 1250.000000 128 128 128 0.0 2 27
29 -7928.788877 -2347.867950 3500.000000 128 128 128 0.0 2 28
30 -7928.788877 -2347.867950 5750.000000 128 128 128 0.0 2 29
31 -7938.038234 -1927.695169 1250.000000 128 128 128 0.0 2 30
32 -7938.038234 -1927.695169 3500.000000 128 128 128 0.0 2 31
33 -7938.038234 -1927.695169 5750.000000 128 128 128 0.0 2 32
34 -7947.288791 -1507.522147 1250.000000 128 128 128 0.0 2 33
35 -7947.288791 -1507.522147 3500.000000 128 128 128 0.0 2 34
36 -7947.288791 -1507.522147 5750.000000 128 128 128 0.0 2 35
37 -7956.540548 -1087.348886 1250.000000 128 128 128 0.0 2 36
38 -7956.540548 -1087.348886 3500.000000 128 128 128 0.0 2 37
39 -7956.540548 -1087.348886 5750.000000 128 128 128 0.0 2 38
40 -7965.793506 -667.175385 1250.000000 128 128 128 0.0 2 39
41 -7965.793506 -667.175385 3500.000000 128 128 128 0.0 2 40
42 -7965.793506 -667.175385 5750.000000 128 128 128 0.0 2 41
43 -7975.047663 -247.001644 1250.000000 128 128 128 0.0 2 42
44 -7975.047663 -247.001644 3500.000000 128 128 128 0.0 2 43
45 -7975.047663 -247.001644 5750.000000 128 128 128 0.0 2 44
46 -7984.303021 173.172336 1250.000000 128 128 128 0.0 2 45
47 -7984.303021 173.172336 3500.000000 128 128 128 0.0 2 46
48 -7984.303021 173.172336 5750.000000 128 128 128 0.0 2 47
49 -7993.559578 593.346557 1250.000000 128 128 128 0.0 2 48
50 -7993.559578 593.346557 3500.000000 128 128 128 0.0 2 49
51 -7993.559578 593.346557 5750.000000 128 128 128 0.0 2 50
52 -8002.817336 1013.521017 1250.000000 128 128 128 0.0 2 51
53 -8002.817336 1013.521017 3500.000000 128 128 128 0.0 2 52
54 -8002.817336 1013.521017 5750.000000 128 128 128 0.0 2 53
55 -8012.076293 1433.695718 1250.000000 128 128 128 0.0 2 54
56 -8012.076293 1433.695718 3500.000000 128 128 128 0.0 2 55
57 -8012.076293 1433.695718 5750.000000 128 128 128 0.0 2 56
58 -8021.336450 1853.870658 1250.000000 128 128 128 0.0 2 57
59 -8021.336450 1853.870658 3500.000000 128 128 128 0.0 2 58
60 -8021.336450 1853.870658 5750.000000 128 128 128 0.0 2 59
61 -8030.597806 2274.045838 1250.000000 128 128 128 0.0 2 60
62 -8030.597806 2274.045838 3500.000000 128 128 128 0.0 2 61
63 -8030.597806 2274.045838 5750.000000 128 128 128 0.0 2 62
64 -8039.860362 2694.221258 1250.000000 128 128 128 0.0 2 63
65 -8039.860362 2694.221258 3500.000000 128 128 128 0.0 2 64
66 -8039.860362 2694.221258 5750.000000 128 128 128 0.0 2 65
67 -8049.124117 3114.396918 1250.000000 128 128 128 0.0 2 66
68 -8049.124117 3114.396918 3500.000000 128 128 128 0.0 2 67
69 -8049.124117 3114.396918 5750.000000 128 128 128 0.0 2 68
70 -8058.389072 3534.572818 1250.000000 128 128 128 0.0 2 69
71 -8058.389072 3534.572818 3500.000000 128 128 128 0.0 2 70
72 -8058.389072 3534.572818 5750.000000 128 128 128 0.0 2 71
73 -8067.655226 3954.748958 1250.000000 128 128 128 0.0 2 72
74 -8067.655226 3954.748958 3500.000000 128 128 128 0.0 2 73
75 -8067.655226 3954.748958 5750.000000 128 128 128 0.0 2 74
76 -8076.922579 4374.925338 1250.000000 128 128 128 0.0 2 75
77 -8076.922579 4374.925338 3500.000000 128 128 128 0.0 2 76
78 -8076.922579 4374.925338 5750.000000 128 128 128 0.0 2 77
79 -8086.191132 4795.101958 1250.000000 128 128 128 0.0 2 78
80 -8086.191132 4795.101958 3500.000000 128 128 128 0.0 2 79
81 -8086.191132 4795.101958 5750.000000 128 128 128 0.0 2 80
82 -8095.460883 5215.278818 1250.000000 128 128 128 0.0 2 81
83 -8095.460883 5215.278818 3500.000000 128 128 128 0.0 2 82
84 -8095.460883 5215.278818 5750.000000 128 128 128 0.0 2 83
85 -8104.731833 5635.455917 1250.000000 128 128 128 0.0 2 84
86 -8104.731833 5635.455917 3500.000000 128 128 128 0.0 2 85
87 -8104.731833 5635.455917 5750.000000 128 128 128 0.0 2 86
88 -8114.003983 6055.633257 1250.000000 128 128 128 0.0 2 87
89 -8114.003983 6055.633257 3500.000000 128 128 128 0.0 2 88
90 -8114.003983 6055.633257 5750.000000 128 128 128 0.0 2 89
91 -8123.277331 6475.810837 1250.000000 128 128 128 0.0 2 90
92 -8123.277331 6475.810837 3500.000000 128 128 128 0.0 2 91
93 -8123.277331 6475.810837 5750.000000 128 128 128 0.0 2 92
94 -8132.551877 6895.988656 1250.000000 128 128 128 0.0 2 93
95 -8132.551877 6895.988656 3500.000000 128 128 128 0.0 2 94
96 -8132.551877 6895.988656 5750.000000 128 128 128 0.0 2 95
97 -8141.827623 7316.166716 1250.000000 128 128 128 0.0 2 96
98 -8141.827623 7316.166716 3500.000000 128 128 128 0.0 2 97
99 -8141.827623 7316.166716 5750.000000 128 128 128 0.0 2 98
100 -8151.104567 7736.345016 1250.000000 128 128 128 0.0 2 99
101 -8151.104567 7736.345016 3500.000000 128 128 128 0.0 2 100
102 -8151.104567 7736.345016 5750.000000 128 128 128 0.0 2 101
103 -7262.296530 -6117.077504 1250.000000 128 128 128 0.0 2 102
104 -7262.296530 -6117.077504 3500.000000 128 128 128 0.0 2 103
105 -7262.296530 -6117.077504 5750.000000 128 128 128 0.0 2 104
106 -7271.593939 -5696.907116 1250.000000 128 128 128 0.0 2 105
107 -7271.593939 -5696.907116 3500.000000 128 128 128 0.0 2 106
108 -7271.593939 -5696.907116 5750.000000 128 128 128 0.0 2 107
109 -7280.892556 -5276.736490 1250.000000 128 128 128 0.0 2 108
110 -7280.892556 -5276.736490 3500.000000 128 128 128 0.0 2 109
111 -7280.892556 -5276.736490 5750.000000 128 128 128 0.0 2 110
112 -7290.192382 -4856.565623 1250.000000 128 128 128 0.0 2 111
113 -7290.192382 -4856.565623 3500.000000 128 128 128 0.0 2 112
114 -7290.192382 -4856.565623 5750.000000 128 128 128 0.0 2 113
115 -7299.493416 -4436.394518 1250.000000 128 128 128 0.0 2 114
116 -7299.493416 -4436.394518 3500.000000 128 128 128 0.0 2 115
117 -7299.493416 -4436.394518 5750.000000 128 128 128 0.0 2 116
118 -7308.795659 -4016.223173 1250.000000 128 128 128 0.0 2 117
119 -7308.795659 -4016.223173 3500.000000 128 128 128 0.0 2 118
120 -7308.795659 -4016.223173 5750.000000 128 128 128 0.0 2 119
121 -7318.099110 -3596.051589 1250.000000 128 128 128 0.0 2 120
122 -7318.099110 -3596.051589 3500.000000 128 128 128 0.0 2 121
123 -7318.099110 -3596.051589 5750.000000 128 128 128 0.0 2 122
124 -7327.403770 -3175.879765 1250.000000 128 128 128 0.0 2 123
125 -7327.403770 -3175.879765 3500.000000 128 128 128 0.0 2 124
126 -7327.403770 -3175.879765 5750.000000 128 128 128 0.0 2 125
127 -7336.709638 -2755.707702 1250.000000 128 128 128 0.0 2 126
128 -7336.709638 -2755.707702 3500.000000 128 128 128 0.0 2 127
129 -7336.709638 -2755.707702 5750.000000 128 128 128 0.0 2 128
130 -7346.016713 -2335.535400 1250.000000 128 128 128 0.0 2 129
131 -7346.016713 -2335.535400 3500.000000 128 128 128 0.0 2 130
132 -7346.016713 -2335.535400 5750.000000 128 128 128 0.0 2 131
133 -7355.324997 -1915.362858 1250.000000 128 128 128 0.0 2 132
134 -7355.324997 -1915.362858 3500.000000 128 128 128 0.0 2 133
135 -7355.324997 -1915.362858 5750.000000 128 128 128 0.0 2 134
136 -7364.634489 -1495.190077 1250.000000 128 128 128 0.0 2 135
137 -7364.634489 -1495.190077 3500.000000 128 128 128 0.0 2 136
138 -7364.634489 -1495.190077 5750.000000 128 128 128 0.0 2 137
139 -7373.945189 -1075.017057 1250.000000 128 128 128 0.0 2 138
140 -7373.945189 -1075.017057 3500.000000 128 128 128 0.0 2 139
141 -7373.945189 -1075.017057 5750.000000 128 128 128 0.0 2 140
142 -7383.257096 -654.843797 1250.000000 128 128 128 0.0 2 141
143 -7383.257096 -654.843797 3500.000000 128 128 128 0.0 2 142
144 -7383.257096 -654.843797 5750.000000 128 128 128 0.0 2 143
145 -7392.570212 -234.670297 1250.000000 128 128 128 0.0 2 144
146 -7392.570212 -234.670297 3500.000000 128 128 128 0.0 2 145
147 -7392.570212 -234.670297 5750.000000 128 128 128 0.0 2 146
148 -7401.884534 185.503442 1250.000000 128 128 128 0.0 2 147
149 -7401.884534 185.503442 3500.000000 128 128 128 0.0 2 148
150 -7401.884534 185.503442 5750.000000 128 128 128 0.0 2 149
151 -7411.200065 605.677420 1250.000000 128 128 128 0.0 2 150
152 -7411.200065 605.677420 3500.000000 128 128 128 0.0 2 151
153 -7411.200065 605.677420 5750.000000 128 128 128 0.0 2 152
154 -7420.516803 1025.851638 1250.000000 128 128 128 0.0 2 153
155 -7420.516803 1025.851638 3500.000000 128 128 128 0.0 2 154
156 -7420.516803 1025.851638 5750.000000 128 128 128 0.0 2 155
157 -7429.834748 1446.026095 1250.000000 128 128 128 0.0 2 156
158 -7429.834748 1446.026095 3500.000000 128 128 128 0.0 2 157
159 -7429.834748 1446.026095 5750.000000 128 128 128 0.0 2 158
160 -7439.153901 1866.200792 1250.000000 128 128 128 0.0 2 159
161 -7439.153901 1866.200792 3500.000000 128 128 128 0.0 2 160
162 -7439.153901 1866.200792 5750.000000 128 128 128 0.0 2 161
163 -7448.474261 2286.375728 1250.000000 128 128 128 0.0 2 162
164 -7448.474261 2286.375728 3500.000000 128 128 128 0.0 2 163
165 -7448.474261 2286.375728 5750.000000 128 128 128 0.0 2 164
166 -7457.795828 2706.550904 1250.000000 128 128 128 0.0 2 165
167 -7457.795828 2706.550904 3500.000000 128 128 128 0.0 2 166
168 -7457.795828 2706.550904 5750.000000 128 128 128 0.0 2 167
169 -7467.118602 3126.726319 1250.000000 128 128 128 0.0 2 168
170 -7467.118602 3126.726319 3500.000000 128 128 128 0.0 2 169
171 -7467.118602 3126.726319 5750.000000 128 128 128 0.0 2 170
172 -7476.442583 3546.901974 1250.000000 128 128 128 0.0 2 171
173 -7476.442583 3546.901974 3500.000000 128 128 128 0.0 2 172
174 -7476.442583 3546.901974 5750.000000 128 128 128 0.0 2 173
175 -7485.767771 3967.077868 1250.000000 128 128 128 0.0 2 174
176 -7485.767771 3967.077868 3500.000000 128 128 128 0.0 2 175
177 -7485.767771 3967.077868 5750.000000 128 128 128 0.0 2 176
178 -7495.094166 4387.254002 1250.000000 128 128 128 0.0 2 177
179 -7495.094166 4387.254002 3500.000000 128 128 128 0.0 2 178
180 -7495.094166 4387.254002 5750.000000 128 128 128 0.0 2 179
181 -7504.421767 4807.430376 1250.000000 128 128 128 0.0 2 180
182 -7504.421767 4807.430376 3500.000000 128 128 128 0.0 2 181
183 -7504.421767 4807.430376 5750.000000 128 128 128 0.0 2 182
184 -7513.750576 5227.606988 1250.000000 128 128 128 0.0 2 183
185 -7513.750576 5227.606988 3500.000000 128 128 128 0.0 2 184
186 -7513.750576 5227.606988 5750.000000 128 128 128 0.0 2 185
187 -7523.080591 5647.783841 1250.000000 128 128 128 0.0 2 186
188 -7523.080591 5647.783841 3500.000000 128 128 128 0.0 2 187
189 -7523.080591 5647.783841 5750.000000 128 128 128 0.0 2 188
190 -7532.411812 6067.960933 1250.000000 128 128 128 0.0 2 189
191 -7532.411812 6067.960933 3500.000000 128 128 128 0.0 2 190
192 -7532.411812 6067.960933 5750.000000 128 128 128 0.0 2 191
193 -7541.744240 6488.138265 1250.000000 128 128 128 0.0 2 192
194 -7541.744240 6488.138265 3500.000000 128 128 128 0.0 2 193
195 -7541.744240 6488.138265 5750.000000 128 128 128 0.0 2 194
196 -7551.077874 6908.315836 1250.000000 128 128 128 0.0 2 195
197 -7551.077874 6908.315836 3500.000000 128 128 128 0.0 2 196
198 -7551.077874 6908.315836 5750.000000 128 128 128 0.0 2 197
199 -7560.412715 7328.493647 1250.000000 128 128 128 0.0 2 198
200 -7560.412715 7328.493647 3500.000000 128 128 128 0.0 2 199
201 -7560.412715 7328.493647 5750.000000 128 128 128 0.0 2 200
202 -7569.748761 7748.671697 1250.000000 128 128 128 0.0 2 201
203 -7569.748761 7748.671697 3500.000000 128 128 128 0.0 2 202
204 -7569.748761 7748.671697 5750.000000 128 128 128 0.0 2 203
205 -6678.996270 -6104.620277 1250.000000 128 128 128 0.0 2 204
206 -6678.996270 -6104.620277 3500.000000 128 128 128 0.0 2 205
207 -6678.996270 -6104.620277 5750.000000 128 128 128 0.0 2 206
208 -6688.352538 -5684.450124 1250.000000 128 128 128 0.0 2 207
209 -6688.352538 -5684.450124 3500.000000 128 128 128 0.0 2 208
210 -6688.352538 -5684.450124 5750.000000 128 128 128 0.0 2 209
211 -6697.710021 -5264.279731 1250.000000 128 128 128 0.0 2 210
212 -6697.710021 -5264.279731 3500.000000 128 128 128 0.0 2 211
213 -6697.710021 -5264.279731 5750.000000 128 128 128 0.0 2 212
214 -6707.068721 -4844.109099 1250.000000 128 128 128 0.0 2 213
215 -6707.068721 -4844.109099 3500.000000 128 128 128 0.0 2 214
216 -6707.068721 -4844.109099 5750.000000 128 128 128 0.0 2 215
217 -6716.428637 -4423.938229 1250.000000 128 128 128 0.0 2 216
218 -6716.428637 -4423.938229 3500.000000 128 128 128 0.0 2 217
219 -6716.428637 -4423.938229 5750.000000 128 128 128 0.0 2 218
220 -6725.789770 -4003.767119 1250.000000 128 128 128 0.0 2 219
221 -6725.789770 -4003.767119 3500.000000 128 128 128 0.0 2 220
222 -6725.789770 -4003.767119 5750.000000 128 128 128 0.0 2 221
223 -6735.152118 -3583.595771 1250.000000 128 128 128 0.0 2 222
224 -6735.152118 -3583.595771 3500.000000 128 128 128 0.0 2 223
225 -6735.152118 -3583.595771 5750.000000 128 128 128 0.0 2 224
226 -6744.515682 -3163.424183 1250.000000 128 128 128 0.0 2 225
227 -6744.515682 -3163.424183 3500.000000 128 128 128 0.0 2 226
228 -6744.515682 -3163.424183 5750.000000 128 128 128 0.0 2 227
229 -6753.880462 -2743.252357 1250.000000 128 128 128 0.0 2 228
230 -6753.880462 -2743.252357 3500.000000 128 128 128 0.0 2 229
231 -6753.880462 -2743.252357 5750.000000 128 128 128 0.0 2 230
232 -6763.246458 -2323.080292 1250.000000 128 128 128 0.0 2 231
233 -6763.246458 -2323.080292 3500.000000 128 128 128 0.0 2 232
234 -6763.246458 -2323.080292 5750.000000 128 128 128 0.0 2 233
235 -6772.613669 -1902.907987 1250.000000 128 128 128 0.0 2 234
236 -6772.613669 -1902.907987 3500.000000 128 128 128 0.0 2 235
237 -6772.613669 -1902.907987 5750.000000 128 128 128 0.0 2 236
238 -6781.982096 -1482.735444 1250.000000 128 128 128 0.0 2 237
239 -6781.982096 -1482.735444 3500.000000 128 128 128 0.0 2 238
240 -6781.982096 -1482.735444 5750.000000 128 128 128 0.0 2 239
241 -6791.351739 -1062.562662 1250.000000 128 128 128 0.0 2 240
242 -6791.351739 -1062.562662 3500.000000 128 128 128 0.0 2 241
243 -6791.351739 -1062.562662 5750.000000 128 128 128 0.0 2 242
244 -6800.722597 -642.389640 1250.000000 128 128 128 0.0 2 243
245 -6800.722597 -642.389640 3500.000000 128 128 128 0.0 2 244
246 -6800.722597 -642.389640 5750.000000 128 128 128 0.0 2 245
247 -6810.094670 -222.216380 1250.000000 128 128 128 0.0 2 246
248 -6810.094670 -222.216380 3500.000000 128 128 128 0.0 2 247
249 -6810.094670 -222.216380 5750.000000 128 128 128 0.0 2 248
250 -6819.467959 197.957119 1250.000000 128 128 128 0.0 2 249
251 -6819.467959 197.957119 3500.000000 128 128 128 0.0 2 250
252 -6819.467959 197.957119 5750.000000 128 128 128 0.0 2 251
253 -6828.842463 618.130858 1250.000000 128 128 128 0.0 2 252
254 -6828.842463 618.130858 3500.000000 128 128 128 0.0 2 253
255 -6828.842463 618.130858 5750.000000 128 128 128 0.0 2 254
256 -6838.218182 1038.304835 1250.000000 128 128 128 0.0 2 255
257 -6838.218182 1038.304835 3500.000000 128 128 128 0.0 2 256
258 -6838.218182 1038.304835 5750.000000 128 128 128 0.0 2 257
259 -6847.595116 1458.479052 1250.000000 128 128 128 0.0 2 258
260 -6847.595116 1458.479052 3500.000000 128 128 128 0.0 2 259
261 -6847.595116 1458.479052 5750.000000 128 128 128 0.0 2 260
262 -6856.973265 1878.653507 1250.000000 128 128 128 0.0 2 261
263 -6856.973265 1878.653507 3500.000000 128 128 128 0.0 2 262
264 -6856.973265 1878.653507 5750.000000 128 128 128 0.0 2 263
265 -6866.352628 2298.828202 1250.000000 128 128 128 0.0 2 264
266 -6866.352628 2298.828202 3500.000000 128 128 128 0.0 2 265
267 -6866.352628 2298.828202 5750.000000 128 128 128 0.0 2 266
268 -6875.733207 2719.003135 1250.000000 128 128 128 0.0 2 267
269 -6875.733207 2719.003135 3500.000000 128 128 128 0.0 2 268
270 -6875.733207 2719.003135 5750.000000 128 128 128 0.0 2 269
271 -6885.115000 3139.178308 1250.000000 128 128 128 0.0 2 270
272 -6885.115000 3139.178308 3500.000000 128 128 128 0.0 2 271
273 -6885.115000 3139.178308 5750.000000 128 128 128 0.0 2 272
274 -6894.498008 3559.353720 1250.000000 128 128 128 0.0 2 273
275 -6894.498008 3559.353720 3500.000000 128 128 128 0.0 2 274
276 -6894.498008 3559.353720 5750.000000 128 128 128 0.0 2 275
277 -6903.882231 3979.529371 1250.000000 128 128 128 0.0 2 276
278 -6903.882231 3979.529371 3500.000000 128 128 128 0.0 2 277
279 -6903.882231 3979.529371 5750.000000 128 128 128 0.0 2 278
280 -6913.267668 4399.705261 1250.000000 128 128 128 0.0 2 279
281 -6913.267668 4399.705261 3500.000000 128 128 128 0.0 2 280
282 -6913.267668 4399.705261 5750.000000 128 128 128 0.0 2 281
283 -6922.654319 4819.881390 1250.000000 128 128 128 0.0 2 282
284 -6922.654319 4819.881390 3500.000000 128 128 128 0.0 2 283
285 -6922.654319 4819.881390 5750.000000 128 128 128 0.0 2 284
286 -6932.042185 5240.057758 1250.000000 128 128 128 0.0 2 285
287 -6932.042185 5240.057758 3500.000000 128 128 128 0.0 2 286
288 -6932.042185 5240.057758 5750.000000 128 128 128 0.0 2 287
289 -6941.431265 5660.234366 1250.000000 128 128 128 0.0 2 288
290 -6941.431265 5660.234366 3500.000000 128 128 128 0.0 2 289
291 -6941.431265 5660.234366 5750.000000 128 128 128 0.0 2 290
292 -6950.821559 6080.411213 1250.000000 128 128 128 0.0 2 291
293 -6950.821559 6080.411213 3500.000000 128 128 128 0.0 2 292
294 -6950.821559 6080.411213 5750.000000 128 128 128 0.0 2 293
295 -6960.213067 6500.588298 1250.000000 128 128 128 0.0 2 294
296 -6960.213067 6500.588298 3500.000000 128 128 128 0.0 2 295
297 -6960.213067 6500.588298 5750.000000 128 128 128 0.0 2 296
298 -6969.605789 6920.765623 1250.000000 128 128 128 0.0 2 297
299 -6969.605789 6920.765623 3500.000000 128 128 128 0.0 2 298
300 -6969.605789 6920.765623 5750.000000 128 128 128 0.0 2 299
301 -6978.999725 7340.943187 1250.000000 128 128 128 0.0 2 300
302 -6978.999725 7340.943187 3500.000000 128 128 128 0.0 2 301
303 -6978.999725 7340.943187 5750.000000 128 128 128 0.0 2 302
304 -6988.394875 7761.120991 1250.000000 128 128 128 0.0 2 303
305 -6988.394875 7761.120991 3500.000000 128 128 128 0.0 2 304
306 -6988.394875 7761.120991 5750.000000 128 128 128 0.0 2 305
307 -6095.697929 -6092.040513 1250.000000 128 128 128 0.0 2 306
308 -6095.697929 -6092.040513 3500.000000 128 128 128 0.0 2 307
309 -6095.697929 -6092.040513 5750.000000 128 128 128 0.0 2 308
310 -6105.113056 -5671.870590 1250.000000 128 128 128 0.0 2 309
311 -6105.113056 -5671.870590 3500.000000 128 128 128 0.0 2 310
312 -6105.113056 -5671.870590 5750.000000 128 128 128 0.0 2 311
313 -6114.529407 -5251.700429 1250.000000 128 128 128 0.0 2 312
314 -6114.529407 -5251.700429 3500.000000 128 128 128 0.0 2 313
315 -6114.529407 -5251.700429 5750.000000 128 128 128 0.0 2 314
316 -6123.946981 -4831.530030 1250.000000 128 128 128 0.0 2 315
317 -6123.946981 -4831.530030 3500.000000 128 128 128 0.0 2 316
318 -6123.946981 -4831.530030 5750.000000 128 128 128 0.0 2 317
319 -6133.365780 -4411.359392 1250.000000 128 128 128 0.0 2 318
320 -6133.365780 -4411.359392 3500.000000 128 128 128 0.0 2 319
321 -6133.365780 -4411.359392 5750.000000 128 128 128 0.0 2 320
322 -6142.785802 -3991.188515 1250.000000 128 128 128 0.0 2 321
323 -6142.785802 -3991.188515 3500.000000 128 128 128 0.0 2 322
324 -6142.785802 -3991.188515 5750.000000 128 128 128 0.0 2 323
325 -6152.207047 -3571.017400 1250.000000 128 128 128 0.0 2 324
326 -6152.207047 -3571.017400 3500.000000 128 128 128 0.0 2 325
327 -6152.207047 -3571.017400 5750.000000 128 128 128 0.0 2 326
328 -6161.629517 -3150.846047 1250.000000 128 128 128 0.0 2 327
329 -6161.629517 -3150.846047 3500.000000 128 128 128 0.0 2 328
330 -6161.629517 -3150.846047 5750.000000 128 128 128 0.0 2 329
331 -6171.053209 -2730.674455 1250.000000 128 128 128 0.0 2 330
332 -6171.053209 -2730.674455 3500.000000 128 128 128 0.0 2 331
333 -6171.053209 -2730.674455 5750.000000 128 128 128 0.0 2 332
334 -6180.478126 -2310.502624 1250.000000 128 128 128 0.0 2 333
335 -6180.478126 -2310.502624 3500.000000 128 128 128 0.0 2 334
336 -6180.478126 -2310.502624 5750.000000 128 128 128 0.0 2 335
337 -6189.904265 -1890.330555 1250.000000 128 128 128 0.0 2 336
338 -6189.904265 -1890.330555 3500.000000 128 128 128 0.0 2 337
339 -6189.904265 -1890.330555 5750.000000 128 128 128 0.0 2 338
340 -6199.331628 -1470.158247 1250.000000 128 128 128 0.0 2 339
341 -6199.331628 -1470.158247 3500.000000 128 128 128 0.0 2 340
342 -6199.331628 -1470.158247 5750.000000 128 128 128 0.0 2 341
343 -6208.760214 -1049.985701 1250.000000 128 128 128 0.0 2 342
344 -6208.760214 -1049.985701 3500.000000 128 128 128 0.0 2 343
345 -6208.760214 -1049.985701 5750.000000 128 128 128 0.0 2 344
346 -6218.190023 -629.812916 1250.000000 128 128 128 0.0 2 345
347 -6218.190023 -629.812916 3500.000000 128 128 128 0.0 2 346
348 -6218.190023 -629.812916 5750.000000 128 128 128 0.0 2 347
349 -6227.621055 -209.639893 1250.000000 128 128 128 0.0 2 348
350 -6227.621055 -209.639893 3500.000000 128 128 128 0.0 2 349
351 -6227.621055 -209.639893 5750.000000 128 128 128 0.0 2 350
352 -6237.053309 210.533369 1250.000000 128 128 128 0.0 2 351
353 -6237.053309 210.533369 3500.000000 128 128 128 0.0 2 352
354 -6237.053309 210.533369 5750.000000 128 128 128 0.0 2 353
355 -6246.486787 630.706870 1250.000000 128 128 128 0.0 2 354
356 -6246.486787 630.706870 3500.000000 128 128 128 0.0 2 355
357 -6246.486787 630.706870 5750.000000 128 128 128 0.0 2 356
358 -6255.921488 1050.880609 1250.000000 128 128 128 0.0 2 357
359 -6255.921488 1050.880609 3500.000000 128 128 128 0.0 2 358
360 -6255.921488 1050.880609 5750.000000 128 128 128 0.0 2 359
361 -6265.357411 1471.054587 1250.000000 128 128 128 0.0 2 360
362 -6265.357411 1471.054587 3500.000000 128 128 128 0.0 2 361
363 -6265.357411 1471.054587 5750.000000 128 128 128 0.0 2 362
364 -6274.794556 1891.228804 1250.000000 128 128 128 0.0 2 363
365 -6274.794556 1891.228804 3500.000000 128 128 128 0.0 2 364
366 -6274.794556 1891.228804 5750.000000 128 128 128 0.0 2 365
367 -6284.232925 2311.403259 1250.000000 128 128 128 0.0 2 366
368 -6284.232925 2311.403259 3500.000000 128 128 128 0.0 2 367
369 -6284.232925 2311.403259 5750.000000 128 128 128 0.0 2 368
370 -6293.672515 2731.577953 1250.000000 128 128 128 0.0 2 369
371 -6293.672515 2731.577953 3500.000000 128 128 128 0.0 2 370
372 -6293.672515 2731.577953 5750.000000 128 128 128 0.0 2 371
373 -6303.113328 3151.752885 1250.000000 128 128 128 0.0 2 372
374 -6303.113328 3151.752885 3500.000000 128 128 128 0.0 2 373
375 -6303.113328 3151.752885 5750.000000 128 128 128 0.0 2 374
376 -6312.555364 3571.928056 1250.000000 128 128 128 0.0 2 375
377 -6312.555364 3571.928056 3500.000000 128 128 128 0.0 2 376
378 -6312.555364 3571.928056 5750.000000 128 128 128 0.0 2 377
379 -6321.998621 3992.103466 1250.000000 128 128 128 0.0 2 378
380 -6321.998621 3992.103466 3500.000000 128 128 128 0.0 2 379
381 -6321.998621 3992.103466 5750.000000 128 128 128 0.0 2 380
382 -6331.443101 4412.279115 1250.000000 128 128 128 0.0 2 381
383 -6331.443101 4412.279115 3500.000000 128 128 128 0.0 2 382
384 -6331.443101 4412.279115 5750.000000 128 128 128 0.0 2 383
385 -6340.888802 4832.455002 1250.000000 128 128 128 0.0 2 384
386 -6340.888802 4832.455002 3500.000000 128 128 128 0.0 2 385
387 -6340.888802 4832.455002 5750.000000 128 128 128 0.0 2 386
388 -6350.335726 5252.631128 1250.000000 128 128 128 0.0 2 387
389 -6350.335726 5252.631128 3500.000000 128 128 128 0.0 2 388
390 -6350.335726 5252.631128 5750.000000 128 128 128 0.0 2 389
391 -6359.783871 5672.807493 1250.000000 128 128 128 0.0 2 390
392 -6359.783871 5672.807493 3500.000000 128 128 128 0.0 2 391
393 -6359.783871 5672.807493 5750.000000 128 128 128 0.0 2 392
394 -6369.233239 6092.984096 1250.000000 128 128 128 0.0 2 393
395 -6369.233239 6092.984096 3500.000000 128 128 128 0.0 2 394
396 -6369.233239 6092.984096 5750.000000 128 128 128 0.0 2 395
397 -6378.683828 6513.160938 1250.000000 128 128 128 0.0 2 396
398 -6378.683828 6513.160938 3500.000000 128 128 128 0.0 2 397
399 -6378.683828 6513.160938 5750.000000 128 128 128 0.0 2 398
400 -6388.135638 6933.338019 1250.000000 128 128 128 0.0 2 399
401 -6388.135638 6933.338019 3500.000000 128 128 128 0.0 2 400
402 -6388.135638 6933.338019 5750.000000 128 128 128 0.0 2 401
403 -6397.588670 7353.515339 1250.000000 128 128 128 0.0 2 402
404 -6397.588670 7353.515339 3500.000000 128 128 128 0.0 2 403
405 -6397.588670 7353.515339 5750.000000 128 128 128 0.0 2 404
406 -6407.042924 7773.692897 1250.000000 128 128 128 0.0 2 405
407 -6407.042924 7773.692897 3500.000000 128 128 128 0.0 2 406
408 -6407.042924 7773.692897 5750.000000 128 128 128 0.0 2 407
409 -5512.401523 -6079.338209 1250.000000 128 128 128 0.0 2 408
410 -5512.401523 -6079.338209 3500.000000 128 128 128 0.0 2 409
411 -5512.401523 -6079.338209 5750.000000 128 128 128 0.0 2 410
412 -5521.875509 -5659.168516 1250.000000 128 128 128 0.0 2 411
413 -5521.875509 -5659.168516 3500.000000 128 128 128 0.0 2 412
414 -5521.875509 -5659.168516 5750.000000 128 128 128 0.0 2 413
415 -5531.350727 -5238.998584 1250.000000 128 128 128 0.0 2 414
416 -5531.350727 -5238.998584 3500.000000 128 128 128 0.0 2 415
417 -5531.350727 -5238.998584 5750.000000 128 128 128 0.0 2 416
418 -5540.827177 -4818.828415 1250.000000 128 128 128 0.0 2 417
419 -5540.827177 -4818.828415 3500.000000 128 128 128 0.0 2 418
420 -5540.827177 -4818.828415 5750.000000 128 128 128 0.0 2 419
421 -5550.304858 -4398.658007 1250.000000 128 128 128 0.0 2 420
422 -5550.304858 -4398.658007 3500.000000 128 128 128 0.0 2 421
423 -5550.304858 -4398.658007 5750.000000 128 128 128 0.0 2 422
424 -5559.783770 -3978.487362 1250.000000 128 128 128 0.0 2 423
425 -5559.783770 -3978.487362 3500.000000 128 128 128 0.0 2 424
426 -5559.783770 -3978.487362 5750.000000 128 128 128 0.0 2 425
427 -5569.263914 -3558.316478 1250.000000 128 128 128 0.0 2 426
428 -5569.263914 -3558.316478 3500.000000 128 128 128 0.0 2 427
429 -5569.263914 -3558.316478 5750.000000 128 128 128 0.0 2 428
430 -5578.745288 -3138.145356 1250.000000 128 128 128 0.0 2 429
431 -5578.745288 -3138.145356 3500.000000 128 128 128 0.0 2 430
432 -5578.745288 -3138.145356 5750.000000 128 128 128 0.0 2 431
433 -5588.227895 -2717.973996 1250.000000 128 128 128 0.0 2 432
434 -5588.227895 -2717.973996 3500.000000 128 128 128 0.0 2 433
435 -5588.227895 -2717.973996 5750.000000 128 128 128 0.0 2 434
436 -5597.711732 -2297.802398 1250.000000 128 128 128 0.0 2 435
437 -5597.711732 -2297.802398 3500.000000 128 128 128 0.0 2 436
438 -5597.711732 -2297.802398 5750.000000 128 128 128 0.0 2 437
439 -5607.196800 -1877.630561 1250.000000 128 128 128 0.0 2 438
440 -5607.196800 -1877.630561 3500.000000 128 128 128 0.0 2 439
441 -5607.196800 -1877.630561 5750.000000 128 128 128 0.0 2 440
442 -5616.683098 -1457.458487 1250.000000 128 128 128 0.0 2 441
443 -5616.683098 -1457.458487 3500.000000 128 128 128 0.0 2 442
444 -5616.683098 -1457.458487 5750.000000 128 128 128 0.0 2 443
445 -5626.170628 -1037.286175 1250.000000 128 128 128 0.0 2 444
446 -5626.170628 -1037.286175 3500.000000 128 128 128 0.0 2 445
447 -5626.170628 -1037.286175 5750.000000 128 128 128 0.0 2 446
448 -5635.659389 -617.113624 1250.000000 128 128 128 0.0 2 447
449 -5635.659389 -617.113624 3500.000000 128 128 128 0.0 2 448
450 -5635.659389 -617.113624 5750.000000 128 128 128 0.0 2 449
451 -5645.149380 -196.940835 1250.000000 128 128 128 0.0 2 450
452 -5645.149380 -196.940835 3500.000000 128 128 128 0.0 2 451
453 -5645.149380 -196.940835 5750.000000 128 128 128 0.0 2 452
454 -5654.640601 223.232192 1250.000000 128 128 128 0.0 2 453
455 -5654.640601 223.232192 3500.000000 128 128 128 0.0 2 454
456 -5654.640601 223.232192 5750.000000 128 128 128 0.0 2 455
457 -5664.133053 643.405457 1250.000000 128 128 128 0.0 2 456
458 -5664.133053 643.405457 3500.000000 128 128 128 0.0 2 457
459 -5664.133053 643.405457 5750.000000 128 128 128 0.0 2 458
460 -5673.626736 1063.578961 1250.000000 128 128 128 0.0 2 459
461 -5673.626736 1063.578961 3500.000000 128 128 128 0.0 2 460
462 -5673.626736 1063.578961 5750.000000 128 128 128 0.0 2 461
463 -5683.121649 1483.752702 1250.000000 128 128 128 0.0 2 462
464 -5683.121649 1483.752702 3500.000000 128 128 128 0.0 2 463
465 -5683.121649 1483.752702 5750.000000 128 128 128 0.0 2 464
466 -5692.617792 1903.926682 1250.000000 128 128 128 0.0 2 465
467 -5692.617792 1903.926682 3500.000000 128 128 128 0.0 2 466
468 -5692.617792 1903.926682 5750.000000 128 128 128 0.0 2 467
469 -5702.115165 2324.100900 1250.000000 128 128 128 0.0 2 468
470 -5702.115165 2324.100900 3500.000000 128 128 128 0.0 2 469
471 -5702.115165 2324.100900 5750.000000 128 128 128 0.0 2 470
472 -5711.613768 2744.275356 1250.000000 128 128 128 0.0 2 471
473 -5711.613768 2744.275356 3500.000000 128 128 128 0.0 2 472
474 -5711.613768 2744.275356 5750.000000 128 128 128 0.0 2 473
475 -5721.113601 3164.450051 1250.000000 128 128 128 0.0 2 474
476 -5721.113601 3164.450051 3500.000000 128 128 128 0.0 2 475
477 -5721.113601 3164.450051 5750.000000 128 128 128 0.0 2 476
478 -5730.614664 3584.624984 1250.000000 128 128 128 0.0 2 477
479 -5730.614664 3584.624984 3500.000000 128 128 128 0.0 2 478
480 -5730.614664 3584.624984 5750.000000 128 128 128 0.0 2 479
481 -5740.116957 4004.800155 1250.000000 128 128 128 0.0 2 480
482 -5740.116957 4004.800155 3500.000000 128 128 128 0.0 2 481
483 -5740.116957 4004.800155 5750.000000 128 128 128 0.0 2 482
484 -5749.620480 4424.975564 1250.000000 128 128 128 0.0 2 483
485 -5749.620480 4424.975564 3500.000000 128 128 128 0.0 2 484
486 -5749.620480 4424.975564 5750.000000 128 128 128 0.0 2 485
487 -5759.125232 4845.151211 1250.000000 128 128 128 0.0 2 486
488 -5759.125232 4845.151211 3500.000000 128 128 128 0.0 2 487
489 -5759.125232 4845.151211 5750.000000 128 128 128 0.0 2 488
490 -5768.631214 5265.327097 1250.000000 128 128 128 0.0 2 489
491 -5768.631214 5265.327097 3500.000000 128 128 128 0.0 2 490
492 -5768.631214 5265.327097 5750.000000 128 128 128 0.0 2 491
493 -5778.138426 5685.503221 1250.000000 128 128 128 0.0 2 492
494 -5778.138426 5685.503221 3500.000000 128 128 128 0.0 2 493
495 -5778.138426 5685.503221 5750.000000 128 128 128 0.0 2 494
496 -5787.646866 6105.679584 1250.000000 128 128 128 0.0 2 495
497 -5787.646866 6105.679584 3500.000000 128 128 128 0.0 2 496
498 -5787.646866 6105.679584 5750.000000 128 128 128 0.0 2 497
499 -5797.156536 6525.856184 1250.000000 128 128 128 0.0 2 498
500 -5797.156536 6525.856184 3500.000000 128 128 128 0.0 2 499
501 -5797.156536 6525.856184 5750.000000 128 128 128 0.0 2 500
502 -5806.667436 6946.033023 1250.000000 128 128 128 0.0 2 501
503 -5806.667436 6946.033023 3500.000000 128 128 128 0.0 2 502
504 -5806.667436 6946.033023 5750.000000 128 128 128 0.0 2 503
505 -5816.179564 7366.210101 1250.000000 128 128 128 0.0 2 504
506 -5816.179564 7366.210101 3500.000000 128 128 128 0.0 2 505
507 -5816.179564 7366.210101 5750.000000 128 128 128 0.0 2 506
508 -5825.692922 7786.387416 1250.000000 128 128 128 0.0 2 507
509 -5825.692922 7786.387416 3500.000000 128 128 128 0.0 2 508
510 -5825.692922 7786.387416 5750.000000 128 128 128 0.0 2 509
511 -4929.107065 -6066.513367 1250.000000 128 128 128 0.0 2 510
512 -4929.107065 -6066.513367 3500.000000 128 128 128 0.0 2 511
513 -4929.107065 -6066.513367 5750.000000 128 128 128 0.0 2 512
514 -4938.639912 -5646.343900 1250.000000 128 128 128 0.0 2 513
515 -4938.639912 -5646.343900 3500.000000 128 128 128 0.0 2 514
516 -4938.639912 -5646.343900 5750.000000 128 128 128 0.0 2 515
517 -4948.173997 -5226.174196 1250.000000 128 128 128 0.0 2 516
518 -4948.173997 -5226.174196 3500.000000 128 128 128 0.0 2 517
519 -4948.173997 -5226.174196 5750.000000 128 128 128 0.0 2 518
520 -4957.709323 -4806.004254 1250.000000 128 128 128 0.0 2 519
521 -4957.709323 -4806.004254 3500.000000 128 128 128 0.0 2 520
522 -4957.709323 -4806.004254 5750.000000 128 128 128 0.0 2 521
523 -4967.245887 -4385.834075 1250.000000 128 128 128 0.0 2 522
524 -4967.245887 -4385.834075 3500.000000 128 128 128 0.0 2 523
525 -4967.245887 -4385.834075 5750.000000 128 128 128 0.0 2 524
526 -4976.783690 -3965.663657 1250.000000 128 128 128 0.0 2 525
527 -4976.783690 -3965.663657 3500.000000 128 128 128 0.0 2 526
528 -4976.783690 -3965.663657 5750.000000 128 128 128 0.0 2 527
529 -4986.322732 -3545.493002 1250.000000 128 128 128 0.0 2 528
530 -4986.322732 -3545.493002 3500.000000 128 128 128 0.0 2 529
531 -4986.322732 -3545.493002 5750.000000 128 128 128 0.0 2 530
532 -4995.863013 -3125.322110 1250.000000 128 128 128 0.0 2 531
533 -4995.863013 -3125.322110 3500.000000 128 128 128 0.0 2 532
534 -4995.863013 -3125.322110 5750.000000 128 128 128 0.0 2 533
535 -5005.404533 -2705.150980 1250.000000 128 128 128 0.0 2 534
536 -5005.404533 -2705.150980 3500.000000 128 128 128 0.0 2 535
537 -5005.404533 -2705.150980 5750.000000 128 128 128 0.0 2 536
538 -5014.947291 -2284.979612 1250.000000 128 128 128 0.0 2 537
539 -5014.947291 -2284.979612 3500.000000 128 128 128 0.0 2 538
540 -5014.947291 -2284.979612 5750.000000 128 128 128 0.0 2 539
541 -5024.491288 -1864.808006 1250.000000 128 128 128 0.0 2 540
542 -5024.491288 -1864.808006 3500.000000 128 128 128 0.0 2 541
543 -5024.491288 -1864.808006 5750.000000 128 128 128 0.0 2 542
544 -5034.036524 -1444.636163 1250.000000 128 128 128 0.0 2 543
545 -5034.036524 -1444.636163 3500.000000 128 128 128 0.0 2 544
546 -5034.036524 -1444.636163 5750.000000 128 128 128 0.0 2 545
547 -5043.582998 -1024.464081 1250.000000 128 128 128 0.0 2 546
548 -5043.582998 -1024.464081 3500.000000 128 128 128 0.0 2 547
549 -5043.582998 -1024.464081 5750.000000 128 128 128 0.0 2 548
550 -5053.130710 -604.291763 1250.000000 128 128 128 0.0 2 549
551 -5053.130710 -604.291763 3500.000000 128 128 128 0.0 2 550
552 -5053.130710 -604.291763 5750.000000 128 128 128 0.0 2 551
553 -5062.679661 -184.119206 1250.000000 128 128 128 0.0 2 552
554 -5062.679661 -184.119206 3500.000000 128 128 128 0.0 2 553
555 -5062.679661 -184.119206 5750.000000 128 128 128 0.0 2 554
556 -5072.229850 236.053588 1250.000000 128 128 128 0.0 2 555
557 -5072.229850 236.053588 3500.000000 128 128 128 0.0 2 556
558 -5072.229850 236.053588 5750.000000 128 128 128 0.0 2 557
559 -5081.781276 656.226620 1250.000000 128 128 128 0.0 2 558
560 -5081.781276 656.226620 3500.000000 128 128 128 0.0 2 559
561 -5081.781276 656.226620 5750.000000 128 128 128 0.0 2 560
562 -5091.333941 1076.399890 1250.000000 128 128 128 0.0 2 561
563 -5091.333941 1076.399890 3500.000000 128 128 128 0.0 2 562
564 -5091.333941 1076.399890 5750.000000 128 128 128 0.0 2 563
565 -5100.887844 1496.573398 1250.000000 128 128 128 0.0 2 564
566 -5100.887844 1496.573398 3500.000000 128 128 128 0.0 2 565
567 -5100.887844 1496.573398 5750.000000 128 128 128 0.0 2 566
568 -5110.442985 1916.747143 1250.000000 128 128 128 0.0 2 567
569 -5110.442985 1916.747143 3500.000000 128 128 128 0.0 2 568
570 -5110.442985 1916.747143 5750.000000 128 128 128 0.0 2 569
571 -5119.999364 2336.921126 1250.000000 128 128 128 0.0 2 570
572 -5119.999364 2336.921126 3500.000000 128 128 128 0.0 2 571
573 -5119.999364 2336.921126 5750.000000 128 128 128 0.0 2 572
574 -5129.556980 2757.095347 1250.000000 128 128 128 0.0 2 573
575 -5129.556980 2757.095347 3500.000000 128 128 128 0.0 2 574
576 -5129.556980 2757.095347 5750.000000 128 128 128 0.0 2 575
577 -5139.115834 3177.269806 1250.000000 128 128 128 0.0 2 576
578 -5139.115834 3177.269806 3500.000000 128 128 128 0.0 2 577
579 -5139.115834 3177.269806 5750.000000 128 128 128 0.0 2 578
580 -5148.675925 3597.444502 1250.000000 128 128 128 0.0 2 579
581 -5148.675925 3597.444502 3500.000000 128 128 128 0.0 2 580
582 -5148.675925 3597.444502 5750.000000 128 128 128 0.0 2 581
583 -5158.237254 4017.619437 1250.000000 128 128 128 0.0 2 582
584 -5158.237254 4017.619437 3500.000000 128 128 128 0.0 2 583
585 -5158.237254 4017.619437 5750.000000 128 128 128 0.0 2 584
586 -5167.799820 4437.794609 1250.000000 128 128 128 0.0 2 585
587 -5167.799820 4437.794609 3500.000000 128 128 128 0.0 2 586
588 -5167.799820 4437.794609 5750.000000 128 128 128 0.0 2 587
589 -5177.363624 4857.970019 1250.000000 128 128 128 0.0 2 588
590 -5177.363624 4857.970019 3500.000000 128 128 128 0.0 2 589
591 -5177.363624 4857.970019 5750.000000 128 128 128 0.0 2 590
592 -5186.928665 5278.145667 1250.000000 128 128 128 0.0 2 591
593 -5186.928665 5278.145667 3500.000000 128 128 128 0.0 2 592
594 -5186.928665 5278.145667 5750.000000 128 128 128 0.0 2 593
595 -5196.494942 5698.321552 1250.000000 128 128 128 0.0 2 594
596 -5196.494942 5698.321552 3500.000000 128 128 128 0.0 2 595
597 -5196.494942 5698.321552 5750.000000 128 128 128 0.0 2 596
598 -5206.062457 6118.497676 1250.000000 128 128 128 0.0 2 597
599 -5206.062457 6118.497676 3500.000000 128 128 128 0.0 2 598
600 -5206.062457 6118.497676 5750.000000 128 128 128 0.0 2 599
601 -5215.631209 6538.674037 1250.000000 128 128 128 0.0 2 600
602 -5215.631209 6538.674037 3500.000000 128 128 128 0.0 2 601
603 -5215.631209 6538.674037 5750.000000 128 128 128 0.0 2 602
604 -5225.201198 6958.850637 1250.000000 128 128 128 0.0 2 603
605 -5225.201198 6958.850637 3500.000000 128 128 128 0.0 2 604
606 -5225.201198 6958.850637 5750.000000 128 128 128 0.0 2 605
607 -5234.772423 7379.027474 1250.000000 128 128 128 0.0 2 606
608 -5234.772423 7379.027474 3500.000000 128 128 128 0.0 2 607
609 -5234.772423 7379.027474 5750.000000 128 128 128 0.0 2 608
610 -5244.344886 7799.204549 1250.000000 128 128 128 0.0 2 609
611 -5244.344886 7799.204549 3500.000000 128 128 128 0.0 2 610
612 -5244.344886 7799.204549 5750.000000 128 128 128 0.0 2 611
613 -4345.814572 -6053.565986 1250.000000 128 128 128 0.0 2 612
614 -4345.814572 -6053.565986 3500.000000 128 128 128 0.0 2 613
615 -4345.814572 -6053.565986 5750.000000 128 128 128 0.0 2 614
616 -4355.406279 -5633.396743 1250.000000 128 128 128 0.0 2 615
617 -4355.406279 -5633.396743 3500.000000 128 128 128 0.0 2 616
618 -4355.406279 -5633.396743 5750.000000 128 128 128 0.0 2 617
619 -4364.999233 -5213.227264 1250.000000 128 128 128 0.0 2 618
620 -4364.999233 -5213.227264 3500.000000 128 128 128 0.0 2 619
621 -4364.999233 -5213.227264 5750.000000 128 128 128 0.0 2 620
622 -4374.593434 -4793.057547 1250.000000 128 128 128 0.0 2 621
623 -4374.593434 -4793.057547 3500.000000 128 128 128 0.0 2 622
624 -4374.593434 -4793.057547 5750.000000 128 128 128 0.0 2 623
625 -4384.188882 -4372.887593 1250.000000 128 128 128 0.0 2 624
626 -4384.188882 -4372.887593 3500.000000 128 128 128 0.0 2 625
627 -4384.188882 -4372.887593 5750.000000 128 128 128 0.0 2 626
628 -4393.785577 -3952.717402 1250.000000 128 128 128 0.0 2 627
629 -4393.785577 -3952.717402 3500.000000 128 128 128 0.0 2 628
630 -4393.785577 -3952.717402 5750.000000 128 128 128 0.0 2 629
631 -4403.383518 -3532.546974 1250.000000 128 128 128 0.0 2 630
632 -4403.383518 -3532.546974 3500.000000 128 128 128 0.0 2 631
633 -4403.383518 -3532.546974 5750.000000 128 128 128 0.0 2 632
634 -4412.982705 -3112.376308 1250.000000 128 128 128 0.0 2 633
635 -4412.982705 -3112.376308 3500.000000 128 128 128 0.0 2 634
636 -4412.982705 -3112.376308 5750.000000 128 128 128 0.0 2 635
637 -4422.583139 -2692.205406 1250.000000 128 128 128 0.0 2 636
638 -4422.583139 -2692.205406 3500.000000 128 128 128 0.0 2 637
639 -4422.583139 -2692.205406 5750.000000 128 128 128 0.0 2 638
640 -4432.184820 -2272.034266 1250.000000 128 128 128 0.0 2 639
641 -4432.184820 -2272.034266 3500.000000 128 128 128 0.0 2 640
642 -4432.184820 -2272.034266 5750.000000 128 128 128 0.0 2 641
643 -4441.787746 -1851.862888 1250.000000 128 128 128 0.0 2 642
644 -4441.787746 -1851.862888 3500.000000 128 128 128 0.0 2 643
645 -4441.787746 -1851.862888 5750.000000 128 128 128 0.0 2 644
646 -4451.391919 -1431.691274 1250.000000 128 128 128 0.0 2 645
647 -4451.391919 -1431.691274 3500.000000 128 128 128 0.0 2 646
648 -4451.391919 -1431.691274 5750.000000 128 128 128 0.0 2 647
649 -4460.997338 -1011.519422 1250.000000 128 128 128 0.0 2 648
650 -4460.997338 -1011.519422 3500.000000 128 128 128 0.0 2 649
651 -4460.997338 -1011.519422 5750.000000 128 128 128 0.0 2 650
652 -4470.604002 -591.347333 1250.000000 128 128 128 0.0 2 651
653 -4470.604002 -591.347333 3500.000000 128 128 128 0.0 2 652
654 -4470.604002 -591.347333 5750.000000 128 128 128 0.0 2 653
655 -4480.211913 -171.175006 1250.000000 128 128 128 0.0 2 654
656 -4480.211913 -171.175006 3500.000000 128 128 128 0.0 2 655
657 -4480.211913 -171.175006 5750.000000 128 128 128 0.0 2 656
658 -4489.821070 248.997558 1250.000000 128 128 128 0.0 2 657
659 -4489.821070 248.997558 3500.000000 128 128 128 0.0 2 658
660 -4489.821070 248.997558 5750.000000 128 128 128 0.0 2 659
661 -4499.431472 669.170359 1250.000000 128 128 128 0.0 2 660
662 -4499.431472 669.170359 3500.000000 128 128 128 0.0 2 661
663 -4499.431472 669.170359 5750.000000 128 128 128 0.0 2 662
664 -4509.043120 1089.343397 1250.000000 128 128 128 0.0 2 663
665 -4509.043120 1089.343397 3500.000000 128 128 128 0.0 2 664
666 -4509.043120 1089.343397 5750.000000 128 128 128 0.0 2 665
667 -4518.656013 1509.516673 1250.000000 128 128 128 0.0 2 666
668 -4518.656013 1509.516673 3500.000000 128 128 128 0.0 2 667
669 -4518.656013 1509.516673 5750.000000 128 128 128 0.0 2 668
670 -4528.270152 1929.690186 1250.000000 128 128 128 0.0 2 669
671 -4528.270152 1929.690186 3500.000000 128 128 128 0.0 2 670
672 -4528.270152 1929.690186 5750.000000 128 128 128 0.0 2 671
673 -4537.885537 2349.863937 1250.000000 128 128 128 0.0 2 672
674 -4537.885537 2349.863937 3500.000000 128 128 128 0.0 2 673
675 -4537.885537 2349.863937 5750.000000 128 128 128 0.0 2 674
676 -4547.502166 2770.037924 1250.000000 128 128 128 0.0 2 675
677 -4547.502166 2770.037924 3500.000000 128 128 128 0.0 2 676
678 -4547.502166 2770.037924 5750.000000 128 128 128 0.0 2 677
679 -4557.120041 3190.212150 1250.000000 128 128 128 0.0 2 678
680 -4557.120041 3190.212150 3500.000000 128 128 128 0.0 2 679
681 -4557.120041 3190.212150 5750.000000 128 128 128 0.0 2 680
682 -4566.739162 3610.386612 1250.000000 128 128 128 0.0 2 681
683 -4566.739162 3610.386612 3500.000000 128 128 128 0.0 2 682
684 -4566.739162 3610.386612 5750.000000 128 128 128 0.0 2 683
685 -4576.359527 4030.561312 1250.000000 128 128 128 0.0 2 684
686 -4576.359527 4030.561312 3500.000000 128 128 128 0.0 2 685
687 -4576.359527 4030.561312 5750.000000 128 128 128 0.0 2 686
688 -4585.981137 4450.736250 1250.000000 128 128 128 0.0 2 687
689 -4585.981137 4450.736250 3500.000000 128 128 128 0.0 2 688
690 -4585.981137 4450.736250 5750.000000 128 128 128 0.0 2 689
691 -4595.603992 4870.911424 1250.000000 128 128 128 0.0 2 690
692 -4595.603992 4870.911424 3500.000000 128 128 128 0.0 2 691
693 -4595.603992 4870.911424 5750.000000 128 128 128 0.0 2 692
694 -4605.228093 5291.086837 1250.000000 128 128 128 0.0 2 693
695 -4605.228093 5291.086837 3500.000000 128 128 128 0.0 2 694
696 -4605.228093 5291.086837 5750.000000 128 128 128 0.0 2 695
697 -4614.853437 5711.262486 1250.000000 128 128 128 0.0 2 696
698 -4614.853437 5711.262486 3500.000000 128 128 128 0.0 2 697
699 -4614.853437 5711.262486 5750.000000 128 128 128 0.0 2 698
700 -4624.480027 6131.438373 1250.000000 128 128 128 0.0 2 699
701 -4624.480027 6131.438373 3500.000000 128 128 128 0.0 2 700
702 -4624.480027 6131.438373 5750.000000 128 128 128 0.0 2 701
703 -4634.107861 6551.614498 1250.000000 128 128 128 0.0 2 702
704 -4634.107861 6551.614498 3500.000000 128 128 128 0.0 2 703
705 -4634.107861 6551.614498 5750.000000 128 128 128 0.0 2 704
706 -4643.736939 6971.790860 1250.000000 128 128 128 0.0 2 705
707 -4643.736939 6971.790860 3500.000000 128 128 128 0.0 2 706
708 -4643.736939 6971.790860 5750.000000 128 128 128 0.0 2 707
709 -4653.367262 7391.967459 1250.000000 128 128 128 0.0 2 708
710 -4653.367262 7391.967459 3500.000000 128 128 128 0.0 2 709
711 -4653.367262 7391.967459 5750.000000 128 128 128 0.0 2 710
712 -4662.998830 7812.144296 1250.000000 128 128 128 0.0 2 711
713 -4662.998830 7812.144296 3500.000000 128 128 128 0.0 2 712
714 -4662.998830 7812.144296 5750.000000 128 128 128 0.0 2 713
715 -3762.524058 -6040.496065 1250.000000 128 128 128 0.0 2 714
716 -3762.524058 -6040.496065 3500.000000 128 128 128 0.0 2 715
717 -3762.524058 -6040.496065 5750.000000 128 128 128 0.0 2 716
718 -3772.174627 -5620.327044 1250.000000 128 128 128 0.0 2 717
719 -3772.174627 -5620.327044 3500.000000 128 128 128 0.0 2 718
720 -3772.174627 -5620.327044 5750.000000 128 128 128 0.0 2 719
721 -3781.826450 -5200.157787 1250.000000 128 128 128 0.0 2 720
722 -3781.826450 -5200.157787 3500.000000 128 128 128 0.0 2 721
723 -3781.826450 -5200.157787 5750.000000 128 128 128 0.0 2 722
724 -3791.479527 -4779.988294 1250.000000 128 128 128 0.0 2 723
725 -3791.479527 -4779.988294 3500.000000 128 128 128 0.0 2 724
726 -3791.479527 -4779.988294 5750.000000 128 128 128 0.0 2 725
727 -3801.133859 -4359.818563 1250.000000 128 128 128 0.0 2 726
728 -3801.133859 -4359.818563 3500.000000 128 128 128 0.0 2 727
729 -3801.133859 -4359.818563 5750.000000 128 128 128 0.0 2 728
730 -3810.789446 -3939.648596 1250.000000 128 128 128 0.0 2 729
731 -3810.789446 -3939.648596 3500.000000 128 128 128 0.0 2 730
732 -3810.789446 -3939.648596 5750.000000 128 128 128 0.0 2 731
733 -3820.446286 -3519.478392 1250.000000 128 128 128 0.0 2 732
734 -3820.446286 -3519.478392 3500.000000 128 128 128 0.0 2 733
735 -3820.446286 -3519.478392 5750.000000 128 128 128 0.0 2 734
736 -3830.104381 -3099.307951 1250.000000 128 128 128 0.0 2 735
737 -3830.104381 -3099.307951 3500.000000 128 128 128 0.0 2 736
738 -3830.104381 -3099.307951 5750.000000 128 128 128 0.0 2 737
739 -3839.763729 -2679.137274 1250.000000 128 128 128 0.0 2 738
740 -3839.763729 -2679.137274 3500.000000 128 128 128 0.0 2 739
741 -3839.763729 -2679.137274 5750.000000 128 128 128 0.0 2 740
742 -3849.424332 -2258.966359 1250.000000 128 128 128 0.0 2 741
743 -3849.424332 -2258.966359 3500.000000 128 128 128 0.0 2 742
744 -3849.424332 -2258.966359 5750.000000 128 128 128 0.0 2 743
745 -3859.086189 -1838.795208 1250.000000 128 128 128 0.0 2 744
746 -3859.086189 -1838.795208 3500.000000 128 128 128 0.0 2 745
747 -3859.086189 -1838.795208 5750.000000 128 128 128 0.0 2 746
748 -3868.749299 -1418.623820 1250.000000 128 128 128 0.0 2 747
749 -3868.749299 -1418.623820 3500.000000 128 128 128 0.0 2 748
750 -3868.749299 -1418.623820 5750.000000 128 128 128 0.0 2 749
751 -3878.413663 -998.452195 1250.000000 128 128 128 0.0 2 750
752 -3878.413663 -998.452195 3500.000000 128 128 128 0.0 2 751
753 -3878.413663 -998.452195 5750.000000 128 128 128 0.0 2 752
754 -3888.079281 -578.280333 1250.000000 128 128 128 0.0 2 753
755 -3888.079281 -578.280333 3500.000000 128 128 128 0.0 2 754
756 -3888.079281 -578.280333 5750.000000 128 128 128 0.0 2 755
757 -3897.746152 -158.108234 1250.000000 128 128 128 0.0 2 756
758 -3897.746152 -158.108234 3500.000000 128 128 128 0.0 2 757
759 -3897.746152 -158.108234 5750.000000 128 128 128 0.0 2 758
760 -3907.414276 262.064101 1250.000000 128 128 128 0.0 2 759
761 -3907.414276 262.064101 3500.000000 128 128 128 0.0 2 760
762 -3907.414276 262.064101 5750.000000 128 128 128 0.0 2 761
763 -3917.083655 682.236674 1250.000000 128 128 128 0.0 2 762
764 -3917.083655 682.236674 3500.000000 128 128 128 0.0 2 763
765 -3917.083655 682.236674 5750.000000 128 128 128 0.0 2 764
766 -3926.754286 1102.409483 1250.000000 128 128 128 0.0 2 765
767 -3926.754286 1102.409483 3500.000000 128 128 128 0.0 2 766
768 -3926.754286 1102.409483 5750.000000 128 128 128 0.0 2 767
769 -3936.426171 1522.582529 1250.000000 128 128 128 0.0 2 768
770 -3936.426171 1522.582529 3500.000000 128 128 128 0.0 2 769
771 -3936.426171 1522.582529 5750.000000 128 128 128 0.0 2 770
772 -3946.099308 1942.755812 1250.000000 128 128 128 0.0 2 771
773 -3946.099308 1942.755812 3500.000000 128 128 128 0.0 2 772
774 -3946.099308 1942.755812 5750.000000 128 128 128 0.0 2 773
775 -3955.773699 2362.929333 1250.000000 128 128 128 0.0 2 774
776 -3955.773699 2362.929333 3500.000000 128 128 128 0.0 2 775
777 -3955.773699 2362.929333 5750.000000 128 128 128 0.0 2 776
778 -3965.449343 2783.103090 1250.000000 128 128 128 0.0 2 777
779 -3965.449343 2783.103090 3500.000000 128 128 128 0.0 2 778
780 -3965.449343 2783.103090 5750.000000 128 128 128 0.0 2 779
781 -3975.126240 3203.277083 1250.000000 128 128 128 0.0 2 780
782 -3975.126240 3203.277083 3500.000000 128 128 128 0.0 2 781
783 -3975.126240 3203.277083 5750.000000 128 128 128 0.0 2 782
784 -3984.804389 3623.451314 1250.000000 128 128 128 0.0 2 783
785 -3984.804389 3623.451314 3500.000000 128 128 128 0.0 2 784
786 -3984.804389 3623.451314 5750.000000 128 128 128 0.0 2 785
787 -3994.483791 4043.625782 1250.000000 128 128 128 0.0 2 786
788 -3994.483791 4043.625782 3500.000000 128 128 128 0.0 2 787
789 -3994.483791 4043.625782 5750.000000 128 128 128 0.0 2 788
790 -4004.164446 4463.800487 1250.000000 128 128 128 0.0 2 789
791 -4004.164446 4463.800487 3500.000000 128 128 128 0.0 2 790
792 -4004.164446 4463.800487 5750.000000 128 128 128 0.0 2 791
793 -4013.846353 4883.975429 1250.000000 128 128 128 0.0 2 792
794 -4013.846353 4883.975429 3500.000000 128 128 128 0.0 2 793
795 -4013.846353 4883.975429 5750.000000 128 128 128 0.0 2 794
796 -4023.529513 5304.150607 1250.000000 128 128 128 0.0 2 795
797 -4023.529513 5304.150607 3500.000000 128 128 128 0.0 2 796
798 -4023.529513 5304.150607 5750.000000 128 128 128 0.0 2 797
799 -4033.213925 5724.326023 1250.000000 128 128 128 0.0 2 798
800 -4033.213925 5724.326023 3500.000000 128 128 128 0.0 2 799
801 -4033.213925 5724.326023 5750.000000 128 128 128 0.0 2 800
802 -4042.899590 6144.501676 1250.000000 128 128 128 0.0 2 801
803 -4042.899590 6144.501676 3500.000000 128 128 128 0.0 2 802
804 -4042.899590 6144.501676 5750.000000 128 128 128 0.0 2 803
805 -4052.586507 6564.677565 1250.000000 128 128 128 0.0 2 804
806 -4052.586507 6564.677565 3500.000000 128 128 128 0.0 2 805
807 -4052.586507 6564.677565 5750.000000 128 128 128 0.0 2 806
808 -4062.274676 6984.853692 1250.000000 128 128 128 0.0 2 807
809 -4062.274676 6984.853692 3500.000000 128 128 128 0.0 2 808
810 -4062.274676 6984.853692 5750.000000 128 128 128 0.0 2 809
811 -4071.964097 7405.030056 1250.000000 128 128 128 0.0 2 810
812 -4071.964097 7405.030056 3500.000000 128 128 128 0.0 2 811
813 -4071.964097 7405.030056 5750.000000 128 128 128 0.0 2 812
814 -4081.654770 7825.206657 1250.000000 128 128 128 0.0 2 813
815 -4081.654770 7825.206657 3500.000000 128 128 128 0.0 2 814
816 -4081.654770 7825.206657 5750.000000 128 128 128 0.0 2 815
817 -3179.235539 -6027.303603 1250.000000 128 128 128 0.0 2 816
818 -3179.235539 -6027.303603 3500.000000 128 128 128 0.0 2 817
819 -3179.235539 -6027.303603 5750.000000 128 128 128 0.0 2 818
820 -3188.944969 -5607.134803 1250.000000 128 128 128 0.0 2 819
821 -3188.944969 -5607.134803 3500.000000 128 128 128 0.0 2 820
822 -3188.944969 -5607.134803 5750.000000 128 128 128 0.0 2 821
823 -3198.655662 -5186.965766 1250.000000 128 128 128 0.0 2 822
824 -3198.655662 -5186.965766 3500.000000 128 128 128 0.0 2 823
825 -3198.655662 -5186.965766 5750.000000 128 128 128 0.0 2 824
826 -3208.367616 -4766.796493 1250.000000 128 128 128 0.0 2 825
827 -3208.367616 -4766.796493 3500.000000 128 128 128 0.0 2 826
828 -3208.367616 -4766.796493 5750.000000 128 128 128 0.0 2 827
829 -3218.080833 -4346.626984 1250.000000 128 128 128 0.0 2 828
830 -3218.080833 -4346.626984 3500.000000 128 128 128 0.0 2 829
831 -3218.080833 -4346.626984 5750.000000 128 128 128 0.0 2 830
832 -3227.795312 -3926.457238 1250.000000 128 128 128 0.0 2 831
833 -3227.795312 -3926.457238 3500.000000 128 128 128 0.0 2 832
834 -3227.795312 -3926.457238 5750.000000 128 128 128 0.0 2 833
835 -3237.511052 -3506.287256 1250.000000 128 128 128 0.0 2 834
836 -3237.511052 -3506.287256 3500.000000 128 128 128 0.0 2 835
837 -3237.511052 -3506.287256 5750.000000 128 128 128 0.0 2 836
838 -3247.228054 -3086.117038 1250.000000 128 128 128 0.0 2 837
839 -3247.228054 -3086.117038 3500.000000 128 128 128 0.0 2 838
840 -3247.228054 -3086.117038 5750.000000 128 128 128 0.0 2 839
841 -3256.946318 -2665.946583 1250.000000 128 128 128 0.0 2 840
842 -3256.946318 -2665.946583 3500.000000 128 128 128 0.0 2 841
843 -3256.946318 -2665.946583 5750.000000 128 128 128 0.0 2 842
844 -3266.665844 -2245.775892 1250.000000 128 128 128 0.0 2 843
845 -3266.665844 -2245.775892 3500.000000 128 128 128 0.0 2 844
846 -3266.665844 -2245.775892 5750.000000 128 128 128 0.0 2 845
847 -3276.386631 -1825.604965 1250.000000 128 128 128 0.0 2 846
848 -3276.386631 -1825.604965 3500.000000 128 128 128 0.0 2 847
849 -3276.386631 -1825.604965 5750.000000 128 128 128 0.0 2 848
850 -3286.108679 -1405.433801 1250.000000 128 128 128 0.0 2 849
851 -3286.108679 -1405.433801 3500.000000 128 128 128 0.0 2 850
852 -3286.108679 -1405.433801 5750.000000 128 128 128 0.0 2 851
853 -3295.831989 -985.262400 1250.000000 128 128 128 0.0 2 852
854 -3295.831989 -985.262400 3500.000000 128 128 128 0.0 2 853
855 -3295.831989 -985.262400 5750.000000 128 128 128 0.0 2 854
856 -3305.556560 -565.090764 1250.000000 128 128 128 0.0 2 855
857 -3305.556560 -565.090764 3500.000000 128 128 128 0.0 2 856
858 -3305.556560 -565.090764 5750.000000 128 128 128 0.0 2 857
859 -3315.282392 -144.918890 1250.000000 128 128 128 0.0 2 858
860 -3315.282392 -144.918890 3500.000000 128 128 128 0.0 2 859
861 -3315.282392 -144.918890 5750.000000 128 128 128 0.0 2 860
862 -3325.009485 275.253219 1250.000000 128 128 128 0.0 2 861
863 -3325.009485 275.253219 3500.000000 128 128 128 0.0 2 862
864 -3325.009485 275.253219 5750.000000 128 128 128 0.0 2 863
865 -3334.737840 695.425565 1250.000000 128 128 128 0.0 2 864
866 -3334.737840 695.425565 3500.000000 128 128 128 0.0 2 865
867 -3334.737840 695.425565 5750.000000 128 128 128 0.0 2 866
868 -3344.467455 1115.598148 1250.000000 128 128 128 0.0 2 867
869 -3344.467455 1115.598148 3500.000000 128 128 128 0.0 2 868
870 -3344.467455 1115.598148 5750.000000 128 128 128 0.0 2 869
871 -3354.198331 1535.770967 1250.000000 128 128 128 0.0 2 870
872 -3354.198331 1535.770967 3500.000000 128 128 128 0.0 2 871
873 -3354.198331 1535.770967 5750.000000 128 128 128 0.0 2 872
874 -3363.930468 1955.944022 1250.000000 128 128 128 0.0 2 873
875 -3363.930468 1955.944022 3500.000000 128 128 128 0.0 2 874
876 -3363.930468 1955.944022 5750.000000 128 128 128 0.0 2 875
877 -3373.663866 2376.117314 1250.000000 128 128 128 0.0 2 876
878 -3373.663866 2376.117314 3500.000000 128 128 128 0.0 2 877
879 -3373.663866 2376.117314 5750.000000 128 128 128 0.0 2 878
880 -3383.398524 2796.290842 1250.000000 128 128 128 0.0 2 879
881 -3383.398524 2796.290842 3500.000000 128 128 128 0.0 2 880
882 -3383.398524 2796.290842 5750.000000 128 128 128 0.0 2 881
883 -3393.134443 3216.464607 1250.000000 128 128 128 0.0 2 882
884 -3393.134443 3216.464607 3500.000000 128 128 128 0.0 2 883
885 -3393.134443 3216.464607 5750.000000 128 128 128 0.0 2 884
886 -3402.871622 3636.638609 1250.000000 128 128 128 0.0 2 885
887 -3402.871622 3636.638609 3500.000000 128 128 128 0.0 2 886
888 -3402.871622 3636.638609 5750.000000 128 128 128 0.0 2 887
889 -3412.610062 4056.812847 1250.000000 128 128 128 0.0 2 888
890 -3412.610062 4056.812847 3500.000000 128 128 128 0.0 2 889
891 -3412.610062 4056.812847 5750.000000 128 128 128 0.0 2 890
892 -3422.349762 4476.987321 1250.000000 128 128 128 0.0 2 891
893 -3422.349762 4476.987321 3500.000000 128 128 128 0.0 2 892
894 -3422.349762 4476.987321 5750.000000 128 128 128 0.0 2 893
895 -3432.090722 4897.162032 1250.000000 128 128 128 0.0 2 894
896 -3432.090722 4897.162032 3500.000000 128 128 128 0.0 2 895
897 -3432.090722 4897.162032 5750.000000 128 128 128 0.0 2 896
898 -3441.832942 5317.336979 1250.000000 128 128 128 0.0 2 897
899 -3441.832942 5317.336979 3500.000000 128 128 128 0.0 2 898
900 -3441.832942 5317.336979 5750.000000 128 128 128 0.0 2 899
901 -3451.576422 5737.512163 1250.000000 128 128 128 0.0 2 900
902 -3451.576422 5737.512163 3500.000000 128 128 128 0.0 2 901
903 -3451.576422 5737.512163 5750.000000 128 128 128 0.0 2 902
904 -3461.321162 6157.687584 1250.000000 128 128 128 0.0 2 903
905 -3461.321162 6157.687584 3500.000000 128 128 128 0.0 2 904
906 -3461.321162 6157.687584 5750.000000 128 128 128 0.0 2 905
907 -3471.067162 6577.863241 1250.000000 128 128 128 0.0 2 906
908 -3471.067162 6577.863241 3500.000000 128 128 128 0.0 2 907
909 -3471.067162 6577.863241 5750.000000 128 128 128 0.0 2 908
910 -3480.814422 6998.039135 1250.000000 128 128 128 0.0 2 909
911 -3480.814422 6998.039135 3500.000000 128 128 128 0.0 2 910
912 -3480.814422 6998.039135 5750.000000 128 128 128 0.0 2 911
913 -3490.562941 7418.215265 1250.000000 128 128 128 0.0 2 912
914 -3490.562941 7418.215265 3500.000000 128 128 128 0.0 2 913
915 -3490.562941 7418.215265 5750.000000 128 128 128 0.0 2 914
916 -3500.312720 7838.391632 1250.000000 128 128 128 0.0 2 915
917 -3500.312720 7838.391632 3500.000000 128 128 128 0.0 2 916
918 -3500.312720 7838.391632 5750.000000 128 128 128 0.0 2 917
919 -2595.949030 -6013.988602 1250.000000 128 128 128 0.0 2 918
920 -2595.949030 -6013.988602 3500.000000 128 128 128 0.0 2 919
921 -2595.949030 -6013.988602 5750.000000 128 128 128 0.0 2 920
922 -2605.717323 -5593.820019 1250.000000 128 128 128 0.0 2 921
923 -2605.717323 -5593.820019 3500.000000 128 128 128 0.0 2 922
924 -2605.717323 -5593.820019 5750.000000 128 128 128 0.0 2 923
925 -2615.486885 -5173.651200 1250.000000 128 128 128 0.0 2 924
926 -2615.486885 -5173.651200 3500.000000 128 128 128 0.0 2 925
927 -2615.486885 -5173.651200 5750.000000 128 128 128 0.0 2 926
928 -2625.257717 -4753.482146 1250.000000 128 128 128 0.0 2 927
929 -2625.257717 -4753.482146 3500.000000 128 128 128 0.0 2 928
930 -2625.257717 -4753.482146 5750.000000 128 128 128 0.0 2 929
931 -2635.029819 -4333.312855 1250.000000 128 128 128 0.0 2 930
932 -2635.029819 -4333.312855 3500.000000 128 128 128 0.0 2 931
933 -2635.029819 -4333.312855 5750.000000 128 128 128 0.0 2 932
934 -2644.803190 -3913.143329 1250.000000 128 128 128 0.0 2 933
935 -2644.803190 -3913.143329 3500.000000 128 128 128 0.0 2 934
936 -2644.803190 -3913.143329 5750.000000 128 128 128 0.0 2 935
937 -2654.577831 -3492.973566 1250.000000 128 128 128 0.0 2 936
938 -2654.577831 -3492.973566 3500.000000 128 128 128 0.0 2 937
939 -2654.577831 -3492.973566 5750.000000 128 128 128 0.0 2 938
940 -2664.353741 -3072.803568 1250.000000 128 128 128 0.0 2 939
941 -2664.353741 -3072.803568 3500.000000 128 128 128 0.0 2 940
942 -2664.353741 -3072.803568 5750.000000 128 128 128 0.0 2 941
943 -2674.130921 -2652.633334 1250.000000 128 128 128 0.0 2 942
944 -2674.130921 -2652.633334 3500.000000 128 128 128 0.0 2 943
945 -2674.130921 -2652.633334 5750.000000 128 128 128 0.0 2 944
946 -2683.909369 -2232.462864 1250.000000 128 128 128 0.0 2 945
947 -2683.909369 -2232.462864 3500.000000 128 128 128 0.0 2 946
948 -2683.909369 -2232.462864 5750.000000 128 128 128 0.0 2 947
949 -2693.689087 -1812.292158 1250.000000 128 128 128 0.0 2 948
950 -2693.689087 -1812.292158 3500.000000 128 128 128 0.0 2 949
951 -2693.689087 -1812.292158 5750.000000 128 128 128 0.0 2 950
952 -2703.470074 -1392.121216 1250.000000 128 128 128 0.0 2 951
953 -2703.470074 -1392.121216 3500.000000 128 128 128 0.0 2 952
954 -2703.470074 -1392.121216 5750.000000 128 128 128 0.0 2 953
955 -2713.252330 -971.950038 1250.000000 128 128 128 0.0 2 954
956 -2713.252330 -971.950038 3500.000000 128 128 128 0.0 2 955
957 -2713.252330 -971.950038 5750.000000 128 128 128 0.0 2 956
958 -2723.035855 -551.778624 1250.000000 128 128 128 0.0 2 957
959 -2723.035855 -551.778624 3500.000000 128 128 128 0.0 2 958
960 -2723.035855 -551.778624 5750.000000 128 128 128 0.0 2 959
961 -2732.820649 -131.606974 1250.000000 128 128 128 0.0 2 960
962 -2732.820649 -131.606974 3500.000000 128 128 128 0.0 2 961
963 -2732.820649 -131.606974 5750.000000 128 128 128 0.0 2 962
964 -2742.606712 288.564912 1250.000000 128 128 128 0.0 2 963
965 -2742.606712 288.564912 3500.000000 128 128 128 0.0 2 964
966 -2742.606712 288.564912 5750.000000 128 128 128 0.0 2 965
967 -2752.394043 708.737034 1250.000000 128 128 128 0.0 2 966
968 -2752.394043 708.737034 3500.000000 128 128 128 0.0 2 967
969 -2752.394043 708.737034 5750.000000 128 128 128 0.0 2 968
970 -2762.182643 1128.909392 1250.000000 128 128 128 0.0 2 969
971 -2762.182643 1128.909392 3500.000000 128 128 128 0.0 2 970
972 -2762.182643 1128.909392 5750.000000 128 128 128 0.0 2 971
973 -2771.972511 1549.081985 1250.000000 128 128 128 0.0 2 972
974 -2771.972511 1549.081985 3500.000000 128 128 128 0.0 2 973
975 -2771.972511 1549.081985 5750.000000 128 128 128 0.0 2 974
976 -2781.763648 1969.254815 1250.000000 128 128 128 0.0 2 975
977 -2781.763648 1969.254815 3500.000000 128 128 128 0.0 2 976
978 -2781.763648 1969.254815 5750.000000 128 128 128 0.0 2 977
979 -2791.556053 2389.427881 1250.000000 128 128 128 0.0 2 978
980 -2791.556053 2389.427881 3500.000000 128 128 128 0.0 2 979
981 -2791.556053 2389.427881 5750.000000 128 128 128 0.0 2 980
982 -2801.349726 2809.601183 1250.000000 128 128 128 0.0 2 981
983 -2801.349726 2809.601183 3500.000000 128 128 128 0.0 2 982
984 -2801.349726 2809.601183 5750.000000 128 128 128 0.0 2 983
985 -2811.144668 3229.774722 1250.000000 128 128 128 0.0 2 984
986 -2811.144668 3229.774722 3500.000000 128 128 128 0.0 2 985
987 -2811.144668 3229.774722 5750.000000 128 128 128 0.0 2 986
988 -2820.940877 3649.948496 1250.000000 128 128 128 0.0 2 987
989 -2820.940877 3649.948496 3500.000000 128 128 128 0.0 2 988
990 -2820.940877 3649.948496 5750.000000 128 128 128 0.0 2 989
991 -2830.738355 4070.122506 1250.000000 128 128 128 0.0 2 990
992 -2830.738355 4070.122506 3500.000000 128 128 128 0.0 2 991
993 -2830.738355 4070.122506 5750.000000 128 128 128 0.0 2 992
994 -2840.537100 4490.296752 1250.000000 128 128 128 0.0 2 993
995 -2840.537100 4490.296752 3500.000000 128 128 128 0.0 2 994
996 -2840.537100 4490.296752 5750.000000 128 128 128 0.0 2 995
997 -2850.337113 4910.471235 1250.000000 128 128 128 0.0 2 996
998 -2850.337113 4910.471235 3500.000000 128 128 128 0.0 2 997
999 -2850.337113 4910.471235 5750.000000 128 128 128 0.0 2 998
1000 -2860.138394 5330.645953 1250.000000 128 128 128 0.0 2 999
1001 -2860.138394 5330.645953 3500.000000 128 128 128 0.0 2 1000
1002 -2860.138394 5330.645953 5750.000000 128 128 128 0.0 2 1001
1003 -2869.940943 5750.820908 1250.000000 128 128 128 0.0 2 1002
1004 -2869.940943 5750.820908 3500.000000 128 128 128 0.0 2 1003
1005 -2869.940943 5750.820908 5750.000000 128 128 128 0.0 2 1004
1006 -2879.744759 6170.996098 1250.000000 128 128 128 0.0 2 1005
1007 -2879.744759 6170.996098 3500.000000 128 128 128 0.0 2 1006
1008 -2879.744759 6170.996098 5750.000000 128 128 128 0.0 2 1007
1009 -2889.549842 6591.171525 1250.000000 128 128 128 0.0 2 1008
1010 -2889.549842 6591.171525 3500.000000 128 128 128 0.0 2 1009
1011 -2889.549842 6591.171525 5750.000000 128 128 128 0.0 2 1010
1012 -2899.356193 7011.347188 1250.000000 128 128 128 0.0 2 1011
1013 -2899.356193 7011.347188 3500.000000 128 128 128 0.0 2 1012
1014 -2899.356193 7011.347188 5750.000000 128 128 128 0.0 2 1013
1015 -2909.163812 7431.523087 1250.000000 128 128 128 0.0 2 1014
1016 -2909.163812 7431.523087 3500.000000 128 128 128 0.0 2 1015
1017 -2909.163812 7431.523087 5750.000000 128 128 128 0.0 2 1016
1018 -2918.972697 7851.699223 1250.000000 128 128 128 0.0 2 1017
1019 -2918.972697 7851.699223 3500.000000 128 128 128 0.0 2 1018
1020 -2918.972697 7851.699223 5750.000000 128 128 128 0.0 2 1019
1021 -2012.664546 -6000.551059 1250.000000 128 128 128 0.0 2 1020
1022 -2012.664546 -6000.551059 3500.000000 128 128 128 0.0 2 1021
1023 -2012.664546 -6000.551059 5750.000000 128 128 128 0.0 2 1022
1024 -2022.491701 -5580.382692 1250.000000 128 128 128 0.0 2 1023
1025 -2022.491701 -5580.382692 3500.000000 128 128 128 0.0 2 1024
1026 -2022.491701 -5580.382692 5750.000000 128 128 128 0.0 2 1025
1027 -2032.320134 -5160.214089 1250.000000 128 128 128 0.0 2 1026
1028 -2032.320134 -5160.214089 3500.000000 128 128 128 0.0 2 1027
1029 -2032.320134 -5160.214089 5750.000000 128 128 128 0.0 2 1028
1030 -2042.149844 -4740.045250 1250.000000 128 128 128 0.0 2 1029
1031 -2042.149844 -4740.045250 3500.000000 128 128 128 0.0 2 1030
1032 -2042.149844 -4740.045250 5750.000000 128 128 128 0.0 2 1031
1033 -2051.980831 -4319.876176 1250.000000 128 128 128 0.0 2 1032
1034 -2051.980831 -4319.876176 3500.000000 128 128 128 0.0 2 1033
1035 -2051.980831 -4319.876176 5750.000000 128 128 128 0.0 2 1034
1036 -2061.813096 -3899.706867 1250.000000 128 128 128 0.0 2 1035
1037 -2061.813096 -3899.706867 3500.000000 128 128 128 0.0 2 1036
1038 -2061.813096 -3899.706867 5750.000000 128 128 128 0.0 2 1037
1039 -2071.646637 -3479.537322 1250.000000 128 128 128 0.0 2 1038
1040 -2071.646637 -3479.537322 3500.000000 128 128 128 0.0 2 1039
1041 -2071.646637 -3479.537322 5750.000000 128 128 128 0.0 2 1040
1042 -2081.481456 -3059.367542 1250.000000 128 128 128 0.0 2 1041
1043 -2081.481456 -3059.367542 3500.000000 128 128 128 0.0 2 1042
1044 -2081.481456 -3059.367542 5750.000000 128 128 128 0.0 2 1043
1045 -2091.317552 -2639.197526 1250.000000 128 128 128 0.0 2 1044
1046 -2091.317552 -2639.197526 3500.000000 128 128 128 0.0 2 1045
1047 -2091.317552 -2639.197526 5750.000000 128 128 128 0.0 2 1046
1048 -2101.154925 -2219.027274 1250.000000 128 128 128 0.0 2 1047
1049 -2101.154925 -2219.027274 3500.000000 128 128 128 0.0 2 1048
1050 -2101.154925 -2219.027274 5750.000000 128 128 128 0.0 2 1049
1051 -2110.993574 -1798.856788 1250.000000 128 128 128 0.0 2 1050
1052 -2110.993574 -1798.856788 3500.000000 128 128 128 0.0 2 1051
1053 -2110.993574 -1798.856788 5750.000000 128 128 128 0.0 2 1052
1054 -2120.833500 -1378.686065 1250.000000 128 128 128 0.0 2 1053
1055 -2120.833500 -1378.686065 3500.000000 128 128 128 0.0 2 1054
1056 -2120.833500 -1378.686065 5750.000000 128 128 128 0.0 2 1055
1057 -2130.674703 -958.515107 1250.000000 128 128 128 0.0 2 1056
1058 -2130.674703 -958.515107 3500.000000 128 128 128 0.0 2 1057
1059 -2130.674703 -958.515107 5750.000000 128 128 128 0.0 2 1058
1060 -2140.517183 -538.343914 1250.000000 128 128 128 0.0 2 1059
1061 -2140.517183 -538.343914 3500.000000 128 128 128 0.0 2 1060
1062 -2140.517183 -538.343914 5750.000000 128 128 128 0.0 2 1061
1063 -2150.360938 -118.172485 1250.000000 128 128 128 0.0 2 1062
1064 -2150.360938 -118.172485 3500.000000 128 128 128 0.0 2 1063
1065 -2150.360938 -118.172485 5750.000000 128 128 128 0.0 2 1064
1066 -2160.205971 301.999179 1250.000000 128 128 128 0.0 2 1065
1067 -2160.205971 301.999179 3500.000000 128 128 128 0.0 2 1066
1068 -2160.205971 301.999179 5750.000000 128 128 128 0.0 2 1067
1069 -2170.052279 722.171079 1250.000000 128 128 128 0.0 2 1068
1070 -2170.052279 722.171079 3500.000000 128 128 128 0.0 2 1069
1071 -2170.052279 722.171079 5750.000000 128 128 128 0.0 2 1070
1072 -2179.899864 1142.343215 1250.000000 128 128 128 0.0 2 1071
1073 -2179.899864 1142.343215 3500.000000 128 128 128 0.0 2 1072
1074 -2179.899864 1142.343215 5750.000000 128 128 128 0.0 2 1073
1075 -2189.748725 1562.515586 1250.000000 128 128 128 0.0 2 1074
1076 -2189.748725 1562.515586 3500.000000 128 128 128 0.0 2 1075
1077 -2189.748725 1562.515586 5750.000000 128 128 128 0.0 2 1076
1078 -2199.598862 1982.688193 1250.000000 128 128 128 0.0 2 1077
1079 -2199.598862 1982.688193 3500.000000 128 128 128 0.0 2 1078
1080 -2199.598862 1982.688193 5750.000000 128 128 128 0.0 2 1079
1081 -2209.450275 2402.861035 1250.000000 128 128 128 0.0 2 1080
1082 -2209.450275 2402.861035 3500.000000 128 128 128 0.0 2 1081
1083 -2209.450275 2402.861035 5750.000000 128 128 128 0.0 2 1082
1084 -2219.302963 2823.034113 1250.000000 128 128 128 0.0 2 1083
1085 -2219.302963 2823.034113 3500.000000 128 128 128 0.0 2 1084
1086 -2219.302963 2823.034113 5750.000000 128 128 128 0.0 2 1085
1087 -2229.156928 3243.207427 1250.000000 128 128 128 0.0 2 1086
1088 -2229.156928 3243.207427 3500.000000 128 128 128 0.0 2 1087
1089 -2229.156928 3243.207427 5750.000000 128 128 128 0.0 2 1088
1090 -2239.012168 3663.380976 1250.000000 128 128 128 0.0 2 1089
1091 -2239.012168 3663.380976 3500.000000 128 128 128 0.0 2 1090
1092 -2239.012168 3663.380976 5750.000000 128 128 128 0.0 2 1091
1093 -2248.868684 4083.554761 1250.000000 128 128 128 0.0 2 1092
1094 -2248.868684 4083.554761 3500.000000 128 128 128 0.0 2 1093
1095 -2248.868684 4083.554761 5750.000000 128 128 128 0.0 2 1094
1096 -2258.726476 4503.728781 1250.000000 128 128 128 0.0 2 1095
1097 -2258.726476 4503.728781 3500.000000 128 128 128 0.0 2 1096
1098 -2258.726476 4503.728781 5750.000000 128 128 128 0.0 2 1097
1099 -2268.585542 4923.903037 1250.000000 128 128 128 0.0 2 1098
1100 -2268.585542 4923.903037 3500.000000 128 128 128 0.0 2 1099
1101 -2268.585542 4923.903037 5750.000000 128 128 128 0.0 2 1100
1102 -2278.445885 5344.077529 1250.000000 128 128 128 0.0 2 1101
1103 -2278.445885 5344.077529 3500.000000 128 128 128 0.0 2 1102
1104 -2278.445885 5344.077529 5750.000000 128 128 128 0.0 2 1103
1105 -2288.307502 5764.252256 1250.000000 128 128 128 0.0 2 1104
1106 -2288.307502 5764.252256 3500.000000 128 128 128 0.0 2 1105
1107 -2288.307502 5764.252256 5750.000000 128 128 128 0.0 2 1106
1108 -2298.170395 6184.427219 1250.000000 128 128 128 0.0 2 1107
1109 -2298.170395 6184.427219 3500.000000 128 128 128 0.0 2 1108
1110 -2298.170395 6184.427219 5750.000000 128 128 128 0.0 2 1109
1111 -2308.034563 6604.602418 1250.000000 128 128 128 0.0 2 1110
1112 -2308.034563 6604.602418 3500.000000 128 128 128 0.0 2 1111
1113 -2308.034563 6604.602418 5750.000000 128 128 128 0.0 2 1112
1114 -2317.900006 7024.777852 1250.000000 128 128 128 0.0 2 1113
1115 -2317.900006 7024.777852 3500.000000 128 128 128 0.0 2 1114
1116 -2317.900006 7024.777852 5750.000000 128 128 128 0.0 2 1115
1117 -2327.766723 7444.953523 1250.000000 128 128 128 0.0 2 1116
1118 -2327.766723 7444.953523 3500.000000 128 128 128 0.0 2 1117
1119 -2327.766723 7444.953523 5750.000000 128 128 128 0.0 2 1118
1120 -2337.634716 7865.129428 1250.000000 128 128 128 0.0 2 1119
1121 -2337.634716 7865.129428 3500.000000 128 128 128 0.0 2 1120
1122 -2337.634716 7865.129428 5750.000000 128 128 128 0.0 2 1121
1123 -1429.382102 -5986.990975 1250.000000 128 128 128 0.0 2 1122
1124 -1429.382102 -5986.990975 3500.000000 128 128 128 0.0 2 1123
1125 -1429.382102 -5986.990975 5750.000000 128 128 128 0.0 2 1124
1126 -1439.268120 -5566.822821 1250.000000 128 128 128 0.0 2 1125
1127 -1439.268120 -5566.822821 3500.000000 128 128 128 0.0 2 1126
1128 -1439.268120 -5566.822821 5750.000000 128 128 128 0.0 2 1127
1129 -1449.155424 -5146.654431 1250.000000 128 128 128 0.0 2 1128
1130 -1449.155424 -5146.654431 3500.000000 128 128 128 0.0 2 1129
1131 -1449.155424 -5146.654431 5750.000000 128 128 128 0.0 2 1130
1132 -1459.044012 -4726.485806 1250.000000 128 128 128 0.0 2 1131
1133 -1459.044012 -4726.485806 3500.000000 128 128 128 0.0 2 1132
1134 -1459.044012 -4726.485806 5750.000000 128 128 128 0.0 2 1133
1135 -1468.933886 -4306.316947 1250.000000 128 128 128 0.0 2 1134
1136 -1468.933886 -4306.316947 3500.000000 128 128 128 0.0 2 1135
1137 -1468.933886 -4306.316947 5750.000000 128 128 128 0.0 2 1136
1138 -1478.825044 -3886.147852 1250.000000 128 128 128 0.0 2 1137
1139 -1478.825044 -3886.147852 3500.000000 128 128 128 0.0 2 1138
1140 -1478.825044 -3886.147852 5750.000000 128 128 128 0.0 2 1139
1141 -1488.717487 -3465.978522 1250.000000 128 128 128 0.0 2 1140
1142 -1488.717487 -3465.978522 3500.000000 128 128 128 0.0 2 1141
1143 -1488.717487 -3465.978522 5750.000000 128 128 128 0.0 2 1142
1144 -1498.611215 -3045.808958 1250.000000 128 128 128 0.0 2 1143
1145 -1498.611215 -3045.808958 3500.000000 128 128 128 0.0 2 1144
1146 -1498.611215 -3045.808958 5750.000000 128 128 128 0.0 2 1145
1147 -1508.506228 -2625.639158 1250.000000 128 128 128 0.0 2 1146
1148 -1508.506228 -2625.639158 3500.000000 128 128 128 0.0 2 1147
1149 -1508.506228 -2625.639158 5750.000000 128 128 128 0.0 2 1148
1150 -1518.402525 -2205.469123 1250.000000 128 128 128 0.0 2 1149
1151 -1518.402525 -2205.469123 3500.000000 128 128 128 0.0 2 1150
1152 -1518.402525 -2205.469123 5750.000000 128 128 128 0.0 2 1151
1153 -1528.300106 -1785.298853 1250.000000 128 128 128 0.0 2 1152
1154 -1528.300106 -1785.298853 3500.000000 128 128 128 0.0 2 1153
1155 -1528.300106 -1785.298853 5750.000000 128 128 128 0.0 2 1154
1156 -1538.198972 -1365.128348 1250.000000 128 128 128 0.0 2 1155
1157 -1538.198972 -1365.128348 3500.000000 128 128 128 0.0 2 1156
1158 -1538.198972 -1365.128348 5750.000000 128 128 128 0.0 2 1157
1159 -1548.099122 -944.957608 1250.000000 128 128 128 0.0 2 1158
1160 -1548.099122 -944.957608 3500.000000 128 128 128 0.0 2 1159
1161 -1548.099122 -944.957608 5750.000000 128 128 128 0.0 2 1160
1162 -1558.000556 -524.786633 1250.000000 128 128 128 0.0 2 1161
1163 -1558.000556 -524.786633 3500.000000 128 128 128 0.0 2 1162
1164 -1558.000556 -524.786633 5750.000000 128 128 128 0.0 2 1163
1165 -1567.903275 -104.615423 1250.000000 128 128 128 0.0 2 1164
1166 -1567.903275 -104.615423 3500.000000 128 128 128 0.0 2 1165
1167 -1567.903275 -104.615423 5750.000000 128 128 128 0.0 2 1166
1168 -1577.807277 315.556022 1250.000000 128 128 128 0.0 2 1167
1169 -1577.807277 315.556022 3500.000000 128 128 128 0.0 2 1168
1170 -1577.807277 315.556022 5750.000000 128 128 128 0.0 2 1169
1171 -1587.712564 735.727703 1250.000000 128 128 128 0.0 2 1170
1172 -1587.712564 735.727703 3500.000000 128 128 128 0.0 2 1171
1173 -1587.712564 735.727703 5750.000000 128 128 128 0.0 2 1172
1174 -1597.619134 1155.899618 1250.000000 128 128 128 0.0 2 1173
1175 -1597.619134 1155.899618 3500.000000 128 128 128 0.0 2 1174
1176 -1597.619134 1155.899618 5750.000000 128 128 128 0.0 2 1175
1177 -1607.526988 1576.071769 1250.000000 128 128 128 0.0 2 1176
1178 -1607.526988 1576.071769 3500.000000 128 128 128 0.0 2 1177
1179 -1607.526988 1576.071769 5750.000000 128 128 128 0.0 2 1178
1180 -1617.436125 1996.244155 1250.000000 128 128 128 0.0 2 1179
1181 -1617.436125 1996.244155 3500.000000 128 128 128 0.0 2 1180
1182 -1617.436125 1996.244155 5750.000000 128 128 128 0.0 2 1181
1183 -1627.346547 2416.416776 1250.000000 128 128 128 0.0 2 1182
1184 -1627.346547 2416.416776 3500.000000 128 128 128 0.0 2 1183
1185 -1627.346547 2416.416776 5750.000000 128 128 128 0.0 2 1184
1186 -1637.258251 2836.589632 1250.000000 128 128 128 0.0 2 1185
1187 -1637.258251 2836.589632 3500.000000 128 128 128 0.0 2 1186
1188 -1637.258251 2836.589632 5750.000000 128 128 128 0.0 2 1187
1189 -1647.171240 3256.762723 1250.000000 128 128 128 0.0 2 1188
1190 -1647.171240 3256.762723 3500.000000 128 128 128 0.0 2 1189
1191 -1647.171240 3256.762723 5750.000000 128 128 128 0.0 2 1190
1192 -1657.085511 3676.936049 1250.000000 128 128 128 0.0 2 1191
1193 -1657.085511 3676.936049 3500.000000 128 128 128 0.0 2 1192
1194 -1657.085511 3676.936049 5750.000000 128 128 128 0.0 2 1193
1195 -1667.001066 4097.109611 1250.000000 128 128 128 0.0 2 1194
1196 -1667.001066 4097.109611 3500.000000 128 128 128 0.0 2 1195
1197 -1667.001066 4097.109611 5750.000000 128 128 128 0.0 2 1196
1198 -1676.917904 4517.283408 1250.000000 128 128 128 0.0 2 1197
1199 -1676.917904 4517.283408 3500.000000 128 128 128 0.0 2 1198
1200 -1676.917904 4517.283408 5750.000000 128 128 128 0.0 2 1199
1201 -1686.836025 4937.457440 1250.000000 128 128 128 0.0 2 1200
1202 -1686.836025 4937.457440 3500.000000 128 128 128 0.0 2 1201
1203 -1686.836025 4937.457440 5750.000000 128 128 128 0.0 2 1202
1204 -1696.755429 5357.631707 1250.000000 128 128 128 0.0 2 1203
1205 -1696.755429 5357.631707 3500.000000 128 128 128 0.0 2 1204
1206 -1696.755429 5357.631707 5750.000000 128 128 128 0.0 2 1205
1207 -1706.676116 5777.806209 1250.000000 128 128 128 0.0 2 1206
1208 -1706.676116 5777.806209 3500.000000 128 128 128 0.0 2 1207
1209 -1706.676116 5777.806209 5750.000000 128 128 128 0.0 2 1208
1210 -1716.598086 6197.980947 1250.000000 128 128 128 0.0 2 1209
1211 -1716.598086 6197.980947 3500.000000 128 128 128 0.0 2 1210
1212 -1716.598086 6197.980947 5750.000000 128 128 128 0.0 2 1211
1213 -1726.521338 6618.155920 1250.000000 128 128 128 0.0 2 1212
1214 -1726.521338 6618.155920 3500.000000 128 128 128 0.0 2 1213
1215 -1726.521338 6618.155920 5750.000000 128 128 128 0.0 2 1214
1216 -1736.445873 7038.331128 1250.000000 128 128 128 0.0 2 1215
1217 -1736.445873 7038.331128 3500.000000 128 128 128 0.0 2 1216
1218 -1736.445873 7038.331128 5750.000000 128 128 128 0.0 2 1217
1219 -1746.371691 7458.506571 1250.000000 128 128 128 0.0 2 1218
1220 -1746.371691 7458.506571 3500.000000 128 128 128 0.0 2 1219
1221 -1746.371691 7458.506571 5750.000000 128 128 128 0.0 2 1220
1222 -1756.298791 7878.682250 1250.000000 128 128 128 0.0 2 1221
1223 -1756.298791 7878.682250 3500.000000 128 128 128 0.0 2 1222
1224 -1756.298791 7878.682250 5750.000000 128 128 128 0.0 2 1223
1225 -846.101713 -5973.308350 1250.000000 128 128 128 0.0 2 1224
1226 -846.101713 -5973.308350 3500.000000 128 128 128 0.0 2 1225
1227 -846.101713 -5973.308350 5750.000000 128 128 128 0.0 2 1226
1228 -856.046595 -5553.140406 1250.000000 128 128 128 0.0 2 1227
1229 -856.046595 -5553.140406 3500.000000 128 128 128 0.0 2 1228
1230 -856.046595 -5553.140406 5750.000000 128 128 128 0.0 2 1229
1231 -865.992770 -5132.972227 1250.000000 128 128 128 0.0 2 1230
1232 -865.992770 -5132.972227 3500.000000 128 128 128 0.0 2 1231
1233 -865.992770 -5132.972227 5750.000000 128 128 128 0.0 2 1232
1234 -875.940238 -4712.803814 1250.000000 128 128 128 0.0 2 1233
1235 -875.940238 -4712.803814 3500.000000 128 128 128 0.0 2 1234
1236 -875.940238 -4712.803814 5750.000000 128 128 128 0.0 2 1235
1237 -885.888998 -4292.635167 1250.000000 128 128 128 0.0 2 1236
1238 -885.888998 -4292.635167 3500.000000 128 128 128 0.0 2 1237
1239 -885.888998 -4292.635167 5750.000000 128 128 128 0.0 2 1238
1240 -895.839051 -3872.466284 1250.000000 128 128 128 0.0 2 1239
1241 -895.839051 -3872.466284 3500.000000 128 128 128 0.0 2 1240
1242 -895.839051 -3872.466284 5750.000000 128 128 128 0.0 2 1241
1243 -905.790396 -3452.297167 1250.000000 128 128 128 0.0 2 1242
1244 -905.790396 -3452.297167 3500.000000 128 128 128 0.0 2 1243
1245 -905.790396 -3452.297167 5750.000000 128 128 128 0.0 2 1244
1246 -915.743033 -3032.127816 1250.000000 128 128 128 0.0 2 1245
1247 -915.743033 -3032.127816 3500.000000 128 128 128 0.0 2 1246
1248 -915.743033 -3032.127816 5750.000000 128 128 128 0.0 2 1247
1249 -925.696963 -2611.958230 1250.000000 128 128 128 0.0 2 1248
1250 -925.696963 -2611.958230 3500.000000 128 128 128 0.0 2 1249
1251 -925.696963 -2611.958230 5750.000000 128 128 128 0.0 2 1250
1252 -935.652185 -2191.788409 1250.000000 128 128 128 0.0 2 1251
1253 -935.652185 -2191.788409 3500.000000 128 128 128 0.0 2 1252
1254 -935.652185 -2191.788409 5750.000000 128 128 128 0.0 2 1253
1255 -945.608699 -1771.618354 1250.000000 128 128 128 0.0 2 1254
1256 -945.608699 -1771.618354 3500.000000 128 128 128 0.0 2 1255
1257 -945.608699 -1771.618354 5750.000000 128 128 128 0.0 2 1256
1258 -955.566505 -1351.448064 1250.000000 128 128 128 0.0 2 1257
1259 -955.566505 -1351.448064 3500.000000 128 128 128 0.0 2 1258
1260 -955.566505 -1351.448064 5750.000000 128 128 128 0.0 2 1259
1261 -965.525602 -931.277540 1250.000000 128 128 128 0.0 2 1260
1262 -965.525602 -931.277540 3500.000000 128 128 128 0.0 2 1261
1263 -965.525602 -931.277540 5750.000000 128 128 128 0.0 2 1262
1264 -975.485992 -511.106781 1250.000000 128 128 128 0.0 2 1263
1265 -975.485992 -511.106781 3500.000000 128 128 128 0.0 2 1264
1266 -975.485992 -511.106781 5750.000000 128 128 128 0.0 2 1265
1267 -985.447674 -90.935787 1250.000000 128 128 128 0.0 2 1266
1268 -985.447674 -90.935787 3500.000000 128 128 128 0.0 2 1267
1269 -985.447674 -90.935787 5750.000000 128 128 128 0.0 2 1268
1270 -995.410647 329.235441 1250.000000 128 128 128 0.0 2 1269
1271 -995.410647 329.235441 3500.000000 128 128 128 0.0 2 1270
1272 -995.410647 329.235441 5750.000000 128 128 128 0.0 2 1271
1273 -1005.374911 749.406904 1250.000000 128 128 128 0.0 2 1272
1274 -1005.374911 749.406904 3500.000000 128 128 128 0.0 2 1273
1275 -1005.374911 749.406904 5750.000000 128 128 128 0.0 2 1274
1276 -1015.340468 1169.578602 1250.000000 128 128 128 0.0 2 1275
1277 -1015.340468 1169.578602 3500.000000 128 128 128 0.0 2 1276
1278 -1015.340468 1169.578602 5750.000000 128 128 128 0.0 2 1277
1279 -1025.307315 1589.750535 1250.000000 128 128 128 0.0 2 1278
1280 -1025.307315 1589.750535 3500.000000 128 128 128 0.0 2 1279
1281 -1025.307315 1589.750535 5750.000000 128 128 128 0.0 2 1280
1282 -1035.275454 2009.922702 1250.000000 128 128 128 0.0 2 1281
1283 -1035.275454 2009.922702 3500.000000 128 128 128 0.0 2 1282
1284 -1035.275454 2009.922702 5750.000000 128 128 128 0.0 2 1283
1285 -1045.244884 2430.095103 1250.000000 128 128 128 0.0 2 1284
1286 -1045.244884 2430.095103 3500.000000 128 128 128 0.0 2 1285
1287 -1045.244884 2430.095103 5750.000000 128 128 128 0.0 2 1286
1288 -1055.215605 2850.267740 1250.000000 128 128 128 0.0 2 1287
1289 -1055.215605 2850.267740 3500.000000 128 128 128 0.0 2 1288
1290 -1055.215605 2850.267740 5750.000000 128 128 128 0.0 2 1289
1291 -1065.187618 3270.440611 1250.000000 128 128 128 0.0 2 1290
1292 -1065.187618 3270.440611 3500.000000 128 128 128 0.0 2 1291
1293 -1065.187618 3270.440611 5750.000000 128 128 128 0.0 2 1292
1294 -1075.160921 3690.613717 1250.000000 128 128 128 0.0 2 1293
1295 -1075.160921 3690.613717 3500.000000 128 128 128 0.0 2 1294
1296 -1075.160921 3690.613717 5750.000000 128 128 128 0.0 2 1295
1297 -1085.135515 4110.787058 1250.000000 128 128 128 0.0 2 1296
1298 -1085.135515 4110.787058 3500.000000 128 128 128 0.0 2 1297
1299 -1085.135515 4110.787058 5750.000000 128 128 128 0.0 2 1298
1300 -1095.111400 4530.960633 1250.000000 128 128 128 0.0 2 1299
1301 -1095.111400 4530.960633 3500.000000 128 128 128 0.0 2 1300
1302 -1095.111400 4530.960633 5750.000000 128 128 128 0.0 2 1301
1303 -1105.088576 4951.134443 1250.000000 128 128 128 0.0 2 1302
1304 -1105.088576 4951.134443 3500.000000 128 128 128 0.0 2 1303
1305 -1105.088576 4951.134443 5750.000000 128 128 128 0.0 2 1304
1306 -1115.067042 5371.308488 1250.000000 128 128 128 0.0 2 1305
1307 -1115.067042 5371.308488 3500.000000 128 128 128 0.0 2 1306
1308 -1115.067042 5371.308488 5750.000000 128 128 128 0.0 2 1307
1309 -1125.046799 5791.482767 1250.000000 128 128 128 0.0 2 1308
1310 -1125.046799 5791.482767 3500.000000 128 128 128 0.0 2 1309
1311 -1125.046799 5791.482767 5750.000000 128 128 128 0.0 2 1310
1312 -1135.027847 6211.657282 1250.000000 128 128 128 0.0 2 1311
1313 -1135.027847 6211.657282 3500.000000 128 128 128 0.0 2 1312
1314 -1135.027847 6211.657282 5750.000000 128 128 128 0.0 2 1313
1315 -1145.010184 6631.832031 1250.000000 128 128 128 0.0 2 1314
1316 -1145.010184 6631.832031 3500.000000 128 128 128 0.0 2 1315
1317 -1145.010184 6631.832031 5750.000000 128 128 128 0.0 2 1316
1318 -1154.993812 7052.007015 1250.000000 128 128 128 0.0 2 1317
1319 -1154.993812 7052.007015 3500.000000 128 128 128 0.0 2 1318
1320 -1154.993812 7052.007015 5750.000000 128 128 128 0.0 2 1319
1321 -1164.978730 7472.182234 1250.000000 128 128 128 0.0 2 1320
1322 -1164.978730 7472.182234 3500.000000 128 128 128 0.0 2 1321
1323 -1164.978730 7472.182234 5750.000000 128 128 128 0.0 2 1322
1324 -1174.964939 7892.357687 1250.000000 128 128 128 0.0 2 1323
1325 -1174.964939 7892.357687 3500.000000 128 128 128 0.0 2 1324
1326 -1174.964939 7892.357687 5750.000000 128 128 128 0.0 2 1325
1327 -262.823395 -5959.503183 1250.000000 128 128 128 0.0 2 1326
1328 -262.823395 -5959.503183 3500.000000 128 128 128 0.0 2 1327
1329 -262.823395 -5959.503183 5750.000000 128 128 128 0.0 2 1328
1330 -272.827141 -5539.335447 1250.000000 128 128 128 0.0 2 1329
1331 -272.827141 -5539.335447 3500.000000 128 128 128 0.0 2 1330
1332 -272.827141 -5539.335447 5750.000000 128 128 128 0.0 2 1331
1333 -282.832188 -5119.167477 1250.000000 128 128 128 0.0 2 1332
1334 -282.832188 -5119.167477 3500.000000 128 128 128 0.0 2 1333
1335 -282.832188 -5119.167477 5750.000000 128 128 128 0.0 2 1334
1336 -292.838535 -4698.999273 1250.000000 128 128 128 0.0 2 1335
1337 -292.838535 -4698.999273 3500.000000 128 128 128 0.0 2 1336
1338 -292.838535 -4698.999273 5750.000000 128 128 128 0.0 2 1337
1339 -302.846182 -4278.830835 1250.000000 128 128 128 0.0 2 1338
1340 -302.846182 -4278.830835 3500.000000 128 128 128 0.0 2 1339
1341 -302.846182 -4278.830835 5750.000000 128 128 128 0.0 2 1340
1342 -312.855130 -3858.662163 1250.000000 128 128 128 0.0 2 1341
1343 -312.855130 -3858.662163 3500.000000 128 128 128 0.0 2 1342
1344 -312.855130 -3858.662163 5750.000000 128 128 128 0.0 2 1343
1345 -322.865377 -3438.493257 1250.000000 128 128 128 0.0 2 1344
1346 -322.865377 -3438.493257 3500.000000 128 128 128 0.0 2 1345
1347 -322.865377 -3438.493257 5750.000000 128 128 128 0.0 2 1346
1348 -332.876925 -3018.324116 1250.000000 128 128 128 0.0 2 1347
1349 -332.876925 -3018.324116 3500.000000 128 128 128 0.0 2 1348
1350 -332.876925 -3018.324116 5750.000000 128 128 128 0.0 2 1349
1351 -342.889772 -2598.154742 1250.000000 128 128 128 0.0 2 1350
1352 -342.889772 -2598.154742 3500.000000 128 128 128 0.0 2 1351
1353 -342.889772 -2598.154742 5750.000000 128 128 128 0.0 2 1352
1354 -352.903920 -2177.985133 1250.000000 128 128 128 0.0 2 1353
1355 -352.903920 -2177.985133 3500.000000 128 128 128 0.0 2 1354
1356 -352.903920 -2177.985133 5750.000000 128 128 128 0.0 2 1355
1357 -362.919367 -1757.815290 1250.000000 128 128 128 0.0 2 1356
1358 -362.919367 -1757.815290 3500.000000 128 128 128 0.0 2 1357
1359 -362.919367 -1757.815290 5750.000000 128 128 128 0.0 2 1358
1360 -372.936113 -1337.645213 1250.000000 128 128 128 0.0 2 1359
1361 -372.936113 -1337.645213 3500.000000 128 128 128 0.0 2 1360
1362 -372.936113 -1337.645213 5750.000000 128 128 128 0.0 2 1361
1363 -382.954159 -917.474902 1250.000000 128 128 128 0.0 2 1362
1364 -382.954159 -917.474902 3500.000000 128 128 128 0.0 2 1363
1365 -382.954159 -917.474902 5750.000000 128 128 128 0.0 2 1364
1366 -392.973505 -497.304357 1250.000000 128 128 128 0.0 2 1365
1367 -392.973505 -497.304357 3500.000000 128 128 128 0.0 2 1366
1368 -392.973505 -497.304357 5750.000000 128 128 128 0.0 2 1367
1369 -402.994150 -77.133577 1250.000000 128 128 128 0.0 2 1368
1370 -402.994150 -77.133577 3500.000000 128 128 128 0.0 2 1369
1371 -402.994150 -77.133577 5750.000000 128 128 128 0.0 2 1370
1372 -413.016094 343.037436 1250.000000 128 128 128 0.0 2 1371
1373 -413.016094 343.037436 3500.000000 128 128 128 0.0 2 1372
1374 -413.016094 343.037436 5750.000000 128 128 128 0.0 2 1373
1375 -423.039338 763.208684 1250.000000 128 128 128 0.0 2 1374
1376 -423.039338 763.208684 3500.000000 128 128 128 0.0 2 1375
1377 -423.039338 763.208684 5750.000000 128 128 128 0.0 2 1376
1378 -433.063881 1183.380167 1250.000000 128 128 128 0.0 2 1377
1379 -433.063881 1183.380167 3500.000000 128 128 128 0.0 2 1378
1380 -433.063881 1183.380167 5750.000000 128 128 128 0.0 2 1379
1381 -443.089722 1603.551883 1250.000000 128 128 128 0.0 2 1380
1382 -443.089722 1603.551883 3500.000000 128 128 128 0.0 2 1381
1383 -443.089722 1603.551883 5750.000000 128 128 128 0.0 2 1382
1384 -453.116863 2023.723834 1250.000000 128 128 128 0.0 2 1383
1385 -453.116863 2023.723834 3500.000000 128 128 128 0.0 2 1384
1386 -453.116863 2023.723834 5750.000000 128 128 128 0.0 2 1385
1387 -463.145302 2443.896018 1250.000000 128 128 128 0.0 2 1386
1388 -463.145302 2443.896018 3500.000000 128 128 128 0.0 2 1387
1389 -463.145302 2443.896018 5750.000000 128 128 128 0.0 2 1388
1390 -473.175041 2864.068438 1250.000000 128 128 128 0.0 2 1389
1391 -473.175041 2864.068438 3500.000000 128 128 128 0.0 2 1390
1392 -473.175041 2864.068438 5750.000000 128 128 128 0.0 2 1391
1393 -483.206078 3284.241091 1250.000000 128 128 128 0.0 2 1392
1394 -483.206078 3284.241091 3500.000000 128 128 128 0.0 2 1393
1395 -483.206078 3284.241091 5750.000000 128 128 128 0.0 2 1394
1396 -493.238413 3704.413979 1250.000000 128 128 128 0.0 2 1395
1397 -493.238413 3704.413979 3500.000000 128 128 128 0.0 2 1396
1398 -493.238413 3704.413979 5750.000000 128 128 128 0.0 2 1397
1399 -503.272047 4124.587100 1250.000000 128 128 128 0.0 2 1398
1400 -503.272047 4124.587100 3500.000000 128 128 128 0.0 2 1399
1401 -503.272047 4124.587100 5750.000000 128 128 128 0.0 2 1400
1402 -513.306980 4544.760457 1250.000000 128 128 128 0.0 2 1401
1403 -513.306980 4544.760457 3500.000000 128 128 128 0.0 2 1402
1404 -513.306980 4544.760457 5750.000000 128 128 128 0.0 2 1403
1405 -523.343211 4964.934047 1250.000000 128 128 128 0.0 2 1404
1406 -523.343211 4964.934047 3500.000000 128 128 128 0.0 2 1405
1407 -523.343211 4964.934047 5750.000000 128 128 128 0.0 2 1406
1408 -533.380740 5385.107872 1250.000000 128 128 128 0.0 2 1407
1409 -533.380740 5385.107872 3500.000000 128 128 128 0.0 2 1408
1410 -533.380740 5385.107872 5750.000000 128 128 128 0.0 2 1409
1411 -543.419567 5805.281931 1250.000000 128 128 128 0.0 2 1410
1412 -543.419567 5805.281931 3500.000000 128 128 128 0.0 2 1411
1413 -543.419567 5805.281931 5750.000000 128 128 128 0.0 2 1412
1414 -553.459693 6225.456224 1250.000000 128 128 128 0.0 2 1413
1415 -553.459693 6225.456224 3500.000000 128 128 128 0.0 2 1414
1416 -553.459693 6225.456224 5750.000000 128 128 128 0.0 2 1415
1417 -563.501116 6645.630752 1250.000000 128 128 128 0.0 2 1416
1418 -563.501116 6645.630752 3500.000000 128 128 128 0.0 2 1417
1419 -563.501116 6645.630752 5750.000000 128 128 128 0.0 2 1418
1420 -573.543837 7065.805514 1250.000000 128 128 128 0.0 2 1419
1421 -573.543837 7065.805514 3500.000000 128 128 128 0.0 2 1420
1422 -573.543837 7065.805514 5750.000000 128 128 128 0.0 2 1421
1423 -583.587857 7485.980511 1250.000000 128 128 128 0.0 2 1422
1424 -583.587857 7485.980511 3500.000000 128 128 128 0.0 2 1423
1425 -583.587857 7485.980511 5750.000000 128 128 128 0.0 2 1424
1426 -593.633174 7906.155741 1250.000000 128 128 128 0.0 2 1425
1427 -593.633174 7906.155741 3500.000000 128 128 128 0.0 2 1426
1428 -593.633174 7906.155741 5750.000000 128 128 128 0.0 2 1427
1429 320.452838 -5945.575473 1250.000000 128 128 128 0.0 2 1428
1430 320.452838 -5945.575473 3500.000000 128 128 128 0.0 2 1429
1431 320.452838 -5945.575473 5750.000000 128 128 128 0.0 2 1430
1432 310.390227 -5525.407943 1250.000000 128 128 128 0.0 2 1431
1433 310.390227 -5525.407943 3500.000000 128 128 128 0.0 2 1432
1434 310.390227 -5525.407943 5750.000000 128 128 128 0.0 2 1433
1435 300.326307 -5105.240180 1250.000000 128 128 128 0.0 2 1434
1436 300.326307 -5105.240180 3500.000000 128 128 128 0.0 2 1435
1437 300.326307 -5105.240180 5750.000000 128 128 128 0.0 2 1436
1438 290.261080 -4685.072183 1250.000000 128 128 128 0.0 2 1437
1439 290.261080 -4685.072183 3500.000000 128 128 128 0.0 2 1438
1440 290.261080 -4685.072183 5750.000000 128 128 128 0.0 2 1439
1441 280.194545 -4264.903952 1250.000000 128 128 128 0.0 2 1440
1442 280.194545 -4264.903952 3500.000000 128 128 128 0.0 2 1441
1443 280.194545 -4264.903952 5750.000000 128 128 128 0.0 2 1442
1444 270.126703 -3844.735488 1250.000000 128 128 128 0.0 2 1443
1445 270.126703 -3844.735488 3500.000000 128 128 128 0.0 2 1444
1446 270.126703 -3844.735488 5750.000000 128 128 128 0.0 2 1445
1447 260.057552 -3424.566790 1250.000000 128 128 128 0.0 2 1446
1448 260.057552 -3424.566790 3500.000000 128 128 128 0.0 2 1447
1449 260.057552 -3424.566790 5750.000000 128 128 128 0.0 2 1448
1450 249.987094 -3004.397858 1250.000000 128 128 128 0.0 2 1449
1451 249.987094 -3004.397858 3500.000000 128 128 128 0.0 2 1450
1452 249.987094 -3004.397858 5750.000000 128 128 128 0.0 2 1451
1453 239.915328 -2584.228693 1250.000000 128 128 128 0.0 2 1452
1454 239.915328 -2584.228693 3500.000000 128 128 128 0.0 2 1453
1455 239.915328 -2584.228693 5750.000000 128 128 128 0.0 2 1454
1456 229.842255 -2164.059294 1250.000000 128 128 128 0.0 2 1455
1457 229.842255 -2164.059294 3500.000000 128 128 128 0.0 2 1456
1458 229.842255 -2164.059294 5750.000000 128 128 128 0.0 2 1457
1459 219.767875 -1743.889661 1250.000000 128 128 128 0.0 2 1458
1460 219.767875 -1743.889661 3500.000000 128 128 128 0.0 2 1459
1461 219.767875 -1743.889661 5750.000000 128 128 128 0.0 2 1460
1462 209.692187 -1323.719795 1250.000000 128 128 128 0.0 2 1461
1463 209.692187 -1323.719795 3500.000000 128 128 128 0.0 2 1462
1464 209.692187 -1323.719795 5750.000000 128 128 128 0.0 2 1463
1465 199.615192 -903.549695 1250.000000 128 128 128 0.0 2 1464
1466 199.615192 -903.549695 3500.000000 128 128 128 0.0 2 1465
1467 199.615192 -903.549695 5750.000000 128 128 128 0.0 2 1466
1468 189.536890 -483.379361 1250.000000 128 128 128 0.0 2 1467
1469 189.536890 -483.379361 3500.000000 128 128 128 0.0 2 1468
1470 189.536890 -483.379361 5750.000000 128 128 128 0.0 2 1469
1471 179.457281 -63.208793 1250.000000 128 128 128 0.0 2 1470
1472 179.457281 -63.208793 3500.000000 128 128 128 0.0 2 1471
1473 179.457281 -63.208793 5750.000000 128 128 128 0.0 2 1472
1474 169.376365 356.962008 1250.000000 128 128 128 0.0 2 1473
1475 169.376365 356.962008 3500.000000 128 128 128 0.0 2 1474
1476 169.376365 356.962008 5750.000000 128 128 128 0.0 2 1475
1477 159.294142 777.133043 1250.000000 128 128 128 0.0 2 1476
1478 159.294142 777.133043 3500.000000 128 128 128 0.0 2 1477
1479 159.294142 777.133043 5750.000000 128 128 128 0.0 2 1478
1480 149.210612 1197.304312 1250.000000 128 128 128 0.0 2 1479
1481 149.210612 1197.304312 3500.000000 128 128 128 0.0 2 1480
1482 149.210612 1197.304312 5750.000000 128 128 128 0.0 2 1481
1483 139.125776 1617.475815 1250.000000 128 128 128 0.0 2 1482
1484 139.125776 1617.475815 3500.000000 128 128 128 0.0 2 1483
1485 139.125776 1617.475815 5750.000000 128 128 128 0.0 2 1484
1486 129.039633 2037.647551 1250.000000 128 128 128 0.0 2 1485
1487 129.039633 2037.647551 3500.000000 128 128 128 0.0 2 1486
1488 129.039633 2037.647551 5750.000000 128 128 128 0.0 2 1487
1489 118.952184 2457.819521 1250.000000 128 128 128 0.0 2 1488
1490 118.952184 2457.819521 3500.000000 128 128 128 0.0 2 1489
1491 118.952184 2457.819521 5750.000000 128 128 128 0.0 2 1490
1492 108.863428 2877.991725 1250.000000 128 128 128 0.0 2 1491
1493 108.863428 2877.991725 3500.000000 128 128 128 0.0 2 1492
1494 108.863428 2877.991725 5750.000000 128 128 128 0.0 2 1493
1495 98.773366 3298.164163 1250.000000 128 128 128 0.0 2 1494
1496 98.773366 3298.164163 3500.000000 128 128 128 0.0 2 1495
1497 98.773366 3298.164163 5750.000000 128 128 128 0.0 2 1496
1498 88.681997 3718.336835 1250.000000 128 128 128 0.0 2 1497
1499 88.681997 3718.336835 3500.000000 128 128 128 0.0 2 1498
1500 88.681997 3718.336835 5750.000000 128 128 128 0.0 2 1499
1501 78.589323 4138.509740 1250.000000 128 128 128 0.0 2 1500
1502 78.589323 4138.509740 3500.000000 128 128 128 0.0 2 1501
1503 78.589323 4138.509740 5750.000000 128 128 128 0.0 2 1502
1504 68.495342 4558.682880 1250.000000 128 128 128 0.0 2 1503
1505 68.495342 4558.682880 3500.000000 128 128 128 0.0 2 1504
1506 68.495342 4558.682880 5750.000000 128 128 128 0.0 2 1505
1507 58.400055 4978.856253 1250.000000 128 128 128 0.0 2 1506
1508 58.400055 4978.856253 3500.000000 128 128 128 0.0 2 1507
1509 58.400055 4978.856253 5750.000000 128 128 128 0.0 2 1508
1510 48.303463 5399.029860 1250.000000 128 128 128 0.0 2 1509
1511 48.303463 5399.029860 3500.000000 128 128 128 0.0 2 1510
1512 48.303463 5399.029860 5750.000000 128 128 128 0.0 2 1511
1513 38.205565 5819.203700 1250.000000 128 128 128 0.0 2 1512
1514 38.205565 5819.203700 3500.000000 128 128 128 0.0 2 1513
1515 38.205565 5819.203700 5750.000000 128 128 128 0.0 2 1514
1516 28.106361 6239.377775 1250.000000 128 128 128 0.0 2 1515
1517 28.106361 6239.377775 3500.000000 128 128 128 0.0 2 1516
1518 28.106361 6239.377775 5750.000000 128 128 128 0.0 2 1517
1519 18.005851 6659.552083 1250.000000 128 128 128 0.0 2 1518
1520 18.005851 6659.552083 3500.000000 128 128 128 0.0 2 1519
1521 18.005851 6659.552083 5750.000000 128 128 128 0.0 2 1520
1522 7.904036 7079.726626 1250.000000 128 128 128 0.0 2 1521
1523 7.904036 7079.726626 3500.000000 128 128 128 0.0 2 1522
1524 7.904036 7079.726626 5750.000000 128 128 128 0.0 2 1523
1525 -2.199085 7499.901402 1250.000000 128 128 128 0.0 2 1524
1526 -2.199085 7499.901402 3500.000000 128 128 128 0.0 2 1525
1527 -2.199085 7499.901402 5750.000000 128 128 128 0.0 2 1526
1528 -12.303511 7920.076412 1250.000000 128 128 128 0.0 2 1527
1529 -12.303511 7920.076412 3500.000000 128 128 128 0.0 2 1528
1530 -12.303511 7920.076412 5750.000000 128 128 128 0.0 2 1529
1531 903.726970 -5931.525221 1250.000000 128 128 128 0.0 2 1530
1532 903.726970 -5931.525221 3500.000000 128 128 128 0.0 2 1531
1533 903.726970 -5931.525221 5750.000000 128 128 128 0.0 2 1532
1534 893.605493 -5511.357895 1250.000000 128 128 128 0.0 2 1533
1535 893.605493 -5511.357895 3500.000000 128 128 128 0.0 2 1534
1536 893.605493 -5511.357895 5750.000000 128 128 128 0.0 2 1535
1537 883.482701 -5091.190336 1250.000000 128 128 128 0.0 2 1536
1538 883.482701 -5091.190336 3500.000000 128 128 128 0.0 2 1537
1539 883.482701 -5091.190336 5750.000000 128 128 128 0.0 2 1538
1540 873.358594 -4671.022543 1250.000000 128 128 128 0.0 2 1539
1541 873.358594 -4671.022543 3500.000000 128 128 128 0.0 2 1540
1542 873.358594 -4671.022543 5750.000000 128 128 128 0.0 2 1541
1543 863.233170 -4250.854518 1250.000000 128 128 128 0.0 2 1542
1544 863.233170 -4250.854518 3500.000000 128 128 128 0.0 2 1543
1545 863.233170 -4250.854518 5750.000000 128 128 128 0.0 2 1544
1546 853.106432 -3830.686259 1250.000000 128 128 128 0.0 2 1545
1547 853.106432 -3830.686259 3500.000000 128 128 128 0.0 2 1546
1548 853.106432 -3830.686259 5750.000000 128 128 128 0.0 2 1547
1549 842.978378 -3410.517767 1250.000000 128 128 128 0.0 2 1548
1550 842.978378 -3410.517767 3500.000000 128 128 128 0.0 2 1549
1551 842.978378 -3410.517767 5750.000000 128 128 128 0.0 2 1550
1552 832.849008 -2990.349041 1250.000000 128 128 128 0.0 2 1551
1553 832.849008 -2990.349041 3500.000000 128 128 128 0.0 2 1552
1554 832.849008 -2990.349041 5750.000000 128 128 128 0.0 2 1553
1555 822.718324 -2570.180083 1250.000000 128 128 128 0.0 2 1554
1556 822.718324 -2570.180083 3500.000000 128 128 128 0.0 2 1555
1557 822.718324 -2570.180083 5750.000000 128 128 128 0.0 2 1556
1558 812.586324 -2150.010891 1250.000000 128 128 128 0.0 2 1557
1559 812.586324 -2150.010891 3500.000000 128 128 128 0.0 2 1558
1560 812.586324 -2150.010891 5750.000000 128 128 128 0.0 2 1559
1561 802.453010 -1729.841466 1250.000000 128 128 128 0.0 2 1560
1562 802.453010 -1729.841466 3500.000000 128 128 128 0.0 2 1561
1563 802.453010 -1729.841466 5750.000000 128 128 128 0.0 2 1562
1564 792.318380 -1309.671808 1250.000000 128 128 128 0.0 2 1563
1565 792.318380 -1309.671808 3500.000000 128 128 128 0.0 2 1564
1566 792.318380 -1309.671808 5750.000000 128 128 128 0.0 2 1565
1567 782.182436 -889.501917 1250.000000 128 128 128 0.0 2 1566
1568 782.182436 -889.501917 3500.000000 128 128 128 0.0 2 1567
1569 782.182436 -889.501917 5750.000000 128 128 128 0.0 2 1568
1570 772.045177 -469.331792 1250.000000 128 128 128 0.0 2 1569
1571 772.045177 -469.331792 3500.000000 128 128 128 0.0 2 1570
1572 772.045177 -469.331792 5750.000000 128 128 128 0.0 2 1571
1573 761.906603 -49.161434 1250.000000 128 128 128 0.0 2 1572
1574 761.906603 -49.161434 3500.000000 128 128 128 0.0 2 1573
1575 761.906603 -49.161434 5750.000000 128 128 128 0.0 2 1574
1576 751.766715 371.009157 1250.000000 128 128 128 0.0 2 1575
1577 751.766715 371.009157 3500.000000 128 128 128 0.0 2 1576
1578 751.766715 371.009157 5750.000000 128 128 128 0.0 2 1577
1579 741.625512 791.179982 1250.000000 128 128 128 0.0 2 1578
1580 741.625512 791.179982 3500.000000 128 128 128 0.0 2 1579
1581 741.625512 791.179982 5750.000000 128 128 128 0.0 2 1580
1582 731.482995 1211.351039 1250.000000 128 128 128 0.0 2 1581
1583 731.482995 1211.351039 3500.000000 128 128 128 0.0 2 1582
1584 731.482995 1211.351039 5750.000000 128 128 128 0.0 2 1583
1585 721.339164 1631.522331 1250.000000 128 128 128 0.0 2 1584
1586 721.339164 1631.522331 3500.000000 128 128 128 0.0 2 1585
1587 721.339164 1631.522331 5750.000000 128 128 128 0.0 2 1586
1588 711.194018 2051.693855 1250.000000 128 128 128 0.0 2 1587
1589 711.194018 2051.693855 3500.000000 128 128 128 0.0 2 1588
1590 711.194018 2051.693855 5750.000000 128 128 128 0.0 2 1589
1591 701.047558 2471.865613 1250.000000 128 128 128 0.0 2 1590
1592 701.047558 2471.865613 3500.000000 128 128 128 0.0 2 1591
1593 701.047558 2471.865613 5750.000000 128 128 128 0.0 2 1592
1594 690.899784 2892.037604 1250.000000 128 128 128 0.0 2 1593
1595 690.899784 2892.037604 3500.000000 128 128 128 0.0 2 1594
1596 690.899784 2892.037604 5750.000000 128 128 128 0.0 2 1595
1597 680.750697 3312.209828 1250.000000 128 128 128 0.0 2 1596
1598 680.750697 3312.209828 3500.000000 128 128 128 0.0 2 1597
1599 680.750697 3312.209828 5750.000000 128 128 128 0.0 2 1598
1600 670.600295 3732.382286 1250.000000 128 128 128 0.0 2 1599
1601 670.600295 3732.382286 3500.000000 128 128 128 0.0 2 1600
1602 670.600295 3732.382286 5750.000000 128 128 128 0.0 2 1601
1603 660.448579 4152.554977 1250.000000 128 128 128 0.0 2 1602
1604 660.448579 4152.554977 3500.000000 128 128 128 0.0 2 1603
1605 660.448579 4152.554977 5750.000000 128 128 128 0.0 2 1604
1606 650.295550 4572.727902 1250.000000 128 128 128 0.0 2 1605
1607 650.295550 4572.727902 3500.000000 128 128 128 0.0 2 1606
1608 650.295550 4572.727902 5750.000000 128 128 128 0.0 2 1607
1609 640.141207 4992.901060 1250.000000 128 128 128 0.0 2 1608
1610 640.141207 4992.901060 3500.000000 128 128 128 0.0 2 1609
1611 640.141207 4992.901060 5750.000000 128 128 128 0.0 2 1610
1612 629.985551 5413.074451 1250.000000 128 128 128 0.0 2 1611
1613 629.985551 5413.074451 3500.000000 128 128 128 0.0 2 1612
1614 629.985551 5413.074451 5750.000000 128 128 128 0.0 2 1613
1615 619.828581 5833.248076 1250.000000 128 128 128 0.0 2 1614
1616 619.828581 5833.248076 3500.000000 128 128 128 0.0 2 1615
1617 619.828581 5833.248076 5750.000000 128 128 128 0.0 2 1616
1618 609.670298 6253.421934 1250.000000 128 128 128 0.0 2 1617
1619 609.670298 6253.421934 3500.000000 128 128 128 0.0 2 1618
1620 609.670298 6253.421934 5750.000000 128 128 128 0.0 2 1619
1621 599.510702 6673.596025 1250.000000 128 128 128 0.0 2 1620
1622 599.510702 6673.596025 3500.000000 128 128 128 0.0 2 1621
1623 599.510702 6673.596025 5750.000000 128 128 128 0.0 2 1622
1624 589.349792 7093.770350 1250.000000 128 128 128 0.0 2 1623
1625 589.349792 7093.770350 3500.000000 128 128 128 0.0 2 1624
1626 589.349792 7093.770350 5750.000000 128 128 128 0.0 2 1625
1627 579.187570 7513.944909 1250.000000 128 128 128 0.0 2 1626
1628 579.187570 7513.944909 3500.000000 128 128 128 0.0 2 1627
1629 579.187570 7513.944909 5750.000000 128 128 128 0.0 2 1628
1630 569.024034 7934.119700 1250.000000 128 128 128 0.0 2 1629
1631 569.024034 7934.119700 3500.000000 128 128 128 0.0 2 1630
1632 569.024034 7934.119700 5750.000000 128 128 128 0.0 2 1631
1633 1486.998986 -5917.352425 1250.000000 128 128 128 0.0 2 1632
1634 1486.998986 -5917.352425 3500.000000 128 128 128 0.0 2 1633
1635 1486.998986 -5917.352425 5750.000000 128 128 128 0.0 2 1634
1636 1476.818643 -5497.185301 1250.000000 128 128 128 0.0 2 1635
1637 1476.818643 -5497.185301 3500.000000 128 128 128 0.0 2 1636
1638 1476.818643 -5497.185301 5750.000000 128 128 128 0.0 2 1637
1639 1466.636978 -5077.017943 1250.000000 128 128 128 0.0 2 1638
1640 1466.636978 -5077.017943 3500.000000 128 128 128 0.0 2 1639
1641 1466.636978 -5077.017943 5750.000000 128 128 128 0.0 2 1640
1642 1456.453989 -4656.850353 1250.000000 128 128 128 0.0 2 1641
1643 1456.453989 -4656.850353 3500.000000 128 128 128 0.0 2 1642
1644 1456.453989 -4656.850353 5750.000000 128 128 128 0.0 2 1643
1645 1446.269677 -4236.682530 1250.000000 128 128 128 0.0 2 1644
1646 1446.269677 -4236.682530 3500.000000 128 128 128 0.0 2 1645
1647 1446.269677 -4236.682530 5750.000000 128 128 128 0.0 2 1646
1648 1436.084042 -3816.514475 1250.000000 128 128 128 0.0 2 1647
1649 1436.084042 -3816.514475 3500.000000 128 128 128 0.0 2 1648
1650 1436.084042 -3816.514475 5750.000000 128 128 128 0.0 2 1649
1651 1425.897084 -3396.346186 1250.000000 128 128 128 0.0 2 1650
1652 1425.897084 -3396.346186 3500.000000 128 128 128 0.0 2 1651
1653 1425.897084 -3396.346186 5750.000000 128 128 128 0.0 2 1652
1654 1415.708803 -2976.177665 1250.000000 128 128 128 0.0 2 1653
1655 1415.708803 -2976.177665 3500.000000 128 128 128 0.0 2 1654
1656 1415.708803 -2976.177665 5750.000000 128 128 128 0.0 2 1655
1657 1405.519200 -2556.008912 1250.000000 128 128 128 0.0 2 1656
1658 1405.519200 -2556.008912 3500.000000 128 128 128 0.0 2 1657
1659 1405.519200 -2556.008912 5750.000000 128 128 128 0.0 2 1658
1660 1395.328273 -2135.839925 1250.000000 128 128 128 0.0 2 1659
1661 1395.328273 -2135.839925 3500.000000 128 128 128 0.0 2 1660
1662 1395.328273 -2135.839925 5750.000000 128 128 128 0.0 2 1661
1663 1385.136024 -1715.670706 1250.000000 128 128 128 0.0 2 1662
1664 1385.136024 -1715.670706 3500.000000 128 128 128 0.0 2 1663
1665 1385.136024 -1715.670706 5750.000000 128 128 128 0.0 2 1664
1666 1374.942452 -1295.501253 1250.000000 128 128 128 0.0 2 1665
1667 1374.942452 -1295.501253 3500.000000 128 128 128 0.0 2 1666
1668 1374.942452 -1295.501253 5750.000000 128 128 128 0.0 2 1667
1669 1364.747558 -875.331568 1250.000000 128 128 128 0.0 2 1668
1670 1364.747558 -875.331568 3500.000000 128 128 128 0.0 2 1669
1671 1364.747558 -875.331568 5750.000000 128 128 128 0.0 2 1670
1672 1354.551342 -455.161651 1250.000000 128 128 128 0.0 2 1671
1673 1354.551342 -455.161651 3500.000000 128 128 128 0.0 2 1672
1674 1354.551342 -455.161651 5750.000000 128 128 128 0.0 2 1673
1675 1344.353803 -34.991500 1250.000000 128 128 128 0.0 2 1674
1676 1344.353803 -34.991500 3500.000000 128 128 128 0.0 2 1675
1677 1344.353803 -34.991500 5750.000000 128 128 128 0.0 2 1676
1678 1334.154942 385.178883 1250.000000 128 128 128 0.0 2 1677
1679 1334.154942 385.178883 3500.000000 128 128 128 0.0 2 1678
1680 1334.154942 385.178883 5750.000000 128 128 128 0.0 2 1679
1681 1323.954759 805.349499 1250.000000 128 128 128 0.0 2 1680
1682 1323.954759 805.349499 3500.000000 128 128 128 0.0 2 1681
1683 1323.954759 805.349499 5750.000000 128 128 128 0.0 2 1682
1684 1313.753254 1225.520349 1250.000000 128 128 128 0.0 2 1683
1685 1313.753254 1225.520349 3500.000000 128 128 128 0.0 2 1684
1686 1313.753254 1225.520349 5750.000000 128 128 128 0.0 2 1685
1687 1303.550426 1645.691430 1250.000000 128 128 128 0.0 2 1686
1688 1303.550426 1645.691430 3500.000000 128 128 128 0.0 2 1687
1689 1303.550426 1645.691430 5750.000000 128 128 128 0.0 2 1688
1690 1293.346277 2065.862745 1250.000000 128 128 128 0.0 2 1689
1691 1293.346277 2065.862745 3500.000000 128 128 128 0.0 2 1690
1692 1293.346277 2065.862745 5750.000000 128 128 128 0.0 2 1691
1693 1283.140807 2486.034293 1250.000000 128 128 128 0.0 2 1692
1694 1283.140807 2486.034293 3500.000000 128 128 128 0.0 2 1693
1695 1283.140807 2486.034293 5750.000000 128 128 128 0.0 2 1694
1696 1272.934014 2906.206073 1250.000000 128 128 128 0.0 2 1695
1697 1272.934014 2906.206073 3500.000000 128 128 128 0.0 2 1696
1698 1272.934014 2906.206073 5750.000000 128 128 128 0.0 2 1697
1699 1262.725900 3326.378087 1250.000000 128 128 128 0.0 2 1698
1700 1262.725900 3326.378087 3500.000000 128 128 128 0.0 2 1699
1701 1262.725900 3326.378087 5750.000000 128 128 128 0.0 2 1700
1702 1252.516465 3746.550333 1250.000000 128 128 128 0.0 2 1701
1703 1252.516465 3746.550333 3500.000000 128 128 128 0.0 2 1702
1704 1252.516465 3746.550333 5750.000000 128 128 128 0.0 2 1703
1705 1242.305708 4166.722812 1250.000000 128 128 128 0.0 2 1704
1706 1242.305708 4166.722812 3500.000000 128 128 128 0.0 2 1705
1707 1242.305708 4166.722812 5750.000000 128 128 128 0.0 2 1706
1708 1232.093629 4586.895524 1250.000000 128 128 128 0.0 2 1707
1709 1232.093629 4586.895524 3500.000000 128 128 128 0.0 2 1708
1710 1232.093629 4586.895524 5750.000000 128 128 128 0.0 2 1709
1711 1221.880230 5007.068469 1250.000000 128 128 128 0.0 2 1710
1712 1221.880230 5007.068469 3500.000000 128 128 128 0.0 2 1711
1713 1221.880230 5007.068469 5750.000000 128 128 128 0.0 2 1712
1714 1211.665509 5427.241647 1250.000000 128 128 128 0.0 2 1713
1715 1211.665509 5427.241647 3500.000000 128 128 128 0.0 2 1714
1716 1211.665509 5427.241647 5750.000000 128 128 128 0.0 2 1715
1717 1201.449467 5847.415058 1250.000000 128 128 128 0.0 2 1716
1718 1201.449467 5847.415058 3500.000000 128 128 128 0.0 2 1717
1719 1201.449467 5847.415058 5750.000000 128 128 128 0.0 2 1718
1720 1191.232105 6267.588702 1250.000000 128 128 128 0.0 2 1719
1721 1191.232105 6267.588702 3500.000000 128 128 128 0.0 2 1720
1722 1191.232105 6267.588702 5750.000000 128 128 128 0.0 2 1721
1723 1181.013421 6687.762578 1250.000000 128 128 128 0.0 2 1722
1724 1181.013421 6687.762578 3500.000000 128 128 128 0.0 2 1723
1725 1181.013421 6687.762578 5750.000000 128 128 128 0.0 2 1724
1726 1170.793417 7107.936688 1250.000000 128 128 128 0.0 2 1725
1727 1170.793417 7107.936688 3500.000000 128 128 128 0.0 2 1726
1728 1170.793417 7107.936688 5750.000000 128 128 128 0.0 2 1727
1729 1160.572091 7528.111031 1250.000000 128 128 128 0.0 2 1728
1730 1160.572091 7528.111031 3500.000000 128 128 128 0.0 2 1729
1731 1160.572091 7528.111031 5750.000000 128 128 128 0.0 2 1730
1732 1150.349446 7948.285606 1250.000000 128 128 128 0.0 2 1731
1733 1150.349446 7948.285606 3500.000000 128 128 128 0.0 2 1732
1734 1150.349446 7948.285606 5750.000000 128 128 128 0.0 2 1733
1735 2070.268870 -5903.057086 1250.000000 128 128 128 0.0 2 1734
1736 2070.268870 -5903.057086 3500.000000 128 128 128 0.0 2 1735
1737 2070.268870 -5903.057086 5750.000000 128 128 128 0.0 2 1736
1738 2060.029662 -5482.890161 1250.000000 128 128 128 0.0 2 1737
1739 2060.029662 -5482.890161 3500.000000 128 128 128 0.0 2 1738
1740 2060.029662 -5482.890161 5750.000000 128 128 128 0.0 2 1739
1741 2049.789123 -5062.723003 1250.000000 128 128 128 0.0 2 1740
1742 2049.789123 -5062.723003 3500.000000 128 128 128 0.0 2 1741
1743 2049.789123 -5062.723003 5750.000000 128 128 128 0.0 2 1742
1744 2039.547252 -4642.555613 1250.000000 128 128 128 0.0 2 1743
1745 2039.547252 -4642.555613 3500.000000 128 128 128 0.0 2 1744
1746 2039.547252 -4642.555613 5750.000000 128 128 128 0.0 2 1745
1747 2029.304051 -4222.387990 1250.000000 128 128 128 0.0 2 1746
1748 2029.304051 -4222.387990 3500.000000 128 128 128 0.0 2 1747
1749 2029.304051 -4222.387990 5750.000000 128 128 128 0.0 2 1748
1750 2019.059519 -3802.220136 1250.000000 128 128 128 0.0 2 1749
1751 2019.059519 -3802.220136 3500.000000 128 128 128 0.0 2 1750
1752 2019.059519 -3802.220136 5750.000000 128 128 128 0.0 2 1751
1753 2008.813657 -3382.052049 1250.000000 128 128 128 0.0 2 1752
1754 2008.813657 -3382.052049 3500.000000 128 128 128 0.0 2 1753
1755 2008.813657 -3382.052049 5750.000000 128 128 128 0.0 2 1754
1756 1998.566464 -2961.883730 1250.000000 128 128 128 0.0 2 1755
1757 1998.566464 -2961.883730 3500.000000 128 128 128 0.0 2 1756
1758 1998.566464 -2961.883730 5750.000000 128 128 128 0.0 2 1757
1759 1988.317940 -2541.715178 1250.000000 128 128 128 0.0 2 1758
1760 1988.317940 -2541.715178 3500.000000 128 128 128 0.0 2 1759
1761 1988.317940 -2541.715178 5750.000000 128 128 128 0.0 2 1760
1762 1978.068086 -2121.546394 1250.000000 128 128 128 0.0 2 1761
1763 1978.068086 -2121.546394 3500.000000 128 128 128 0.0 2 1762
1764 1978.068086 -2121.546394 5750.000000 128 128 128 0.0 2 1763
1765 1967.816902 -1701.377378 1250.000000 128 128 128 0.0 2 1764
1766 1967.816902 -1701.377378 3500.000000 128 128 128 0.0 2 1765
1767 1967.816902 -1701.377378 5750.000000 128 128 128 0.0 2 1766
1768 1957.564388 -1281.208130 1250.000000 128 128 128 0.0 2 1767
1769 1957.564388 -1281.208130 3500.000000 128 128 128 0.0 2 1768
1770 1957.564388 -1281.208130 5750.000000 128 128 128 0.0 2 1769
1771 1947.310543 -861.038649 1250.000000 128 128 128 0.0 2 1770
1772 1947.310543 -861.038649 3500.000000 128 128 128 0.0 2 1771
1773 1947.310543 -861.038649 5750.000000 128 128 128 0.0 2 1772
1774 1937.055369 -440.868936 1250.000000 128 128 128 0.0 2 1773
1775 1937.055369 -440.868936 3500.000000 128 128 128 0.0 2 1774
1776 1937.055369 -440.868936 5750.000000 128 128 128 0.0 2 1775
1777 1926.798864 -20.698991 1250.000000 128 128 128 0.0 2 1776
1778 1926.798864 -20.698991 3500.000000 128 128 128 0.0 2 1777
1779 1926.798864 -20.698991 5750.000000 128 128 128 0.0 2 1778
1780 1916.541030 399.471187 1250.000000 128 128 128 0.0 2 1779
1781 1916.541030 399.471187 3500.000000 128 128 128 0.0 2 1780
1782 1916.541030 399.471187 5750.000000 128 128 128 0.0 2 1781
1783 1906.281866 819.641597 1250.000000 128 128 128 0.0 2 1782
1784 1906.281866 819.641597 3500.000000 128 128 128 0.0 2 1783
1785 1906.281866 819.641597 5750.000000 128 128 128 0.0 2 1784
1786 1896.021372 1239.812240 1250.000000 128 128 128 0.0 2 1785
1787 1896.021372 1239.812240 3500.000000 128 128 128 0.0 2 1786
1788 1896.021372 1239.812240 5750.000000 128 128 128 0.0 2 1787
1789 1885.759549 1659.983115 1250.000000 128 128 128 0.0 2 1788
1790 1885.759549 1659.983115 3500.000000 128 128 128 0.0 2 1789
1791 1885.759549 1659.983115 5750.000000 128 128 128 0.0 2 1790
1792 1875.496396 2080.154222 1250.000000 128 128 128 0.0 2 1791
1793 1875.496396 2080.154222 3500.000000 128 128 128 0.0 2 1792
1794 1875.496396 2080.154222 5750.000000 128 128 128 0.0 2 1793
1795 1865.231914 2500.325562 1250.000000 128 128 128 0.0 2 1794
1796 1865.231914 2500.325562 3500.000000 128 128 128 0.0 2 1795
1797 1865.231914 2500.325562 5750.000000 128 128 128 0.0 2 1796
1798 1854.966102 2920.497134 1250.000000 128 128 128 0.0 2 1797
1799 1854.966102 2920.497134 3500.000000 128 128 128 0.0 2 1798
1800 1854.966102 2920.497134 5750.000000 128 128 128 0.0 2 1799
1801 1844.698961 3340.668938 1250.000000 128 128 128 0.0 2 1800
1802 1844.698961 3340.668938 3500.000000 128 128 128 0.0 2 1801
1803 1844.698961 3340.668938 5750.000000 128 128 128 0.0 2 1802
1804 1834.430491 3760.840975 1250.000000 128 128 128 0.0 2 1803
1805 1834.430491 3760.840975 3500.000000 128 128 128 0.0 2 1804
1806 1834.430491 3760.840975 5750.000000 128 128 128 0.0 2 1805
1807 1824.160692 4181.013245 1250.000000 128 128 128 0.0 2 1806
1808 1824.160692 4181.013245 3500.000000 128 128 128 0.0 2 1807
1809 1824.160692 4181.013245 5750.000000 128 128 128 0.0 2 1808
1810 1813.889564 4601.185747 1250.000000 128 128 128 0.0 2 1809
1811 1813.889564 4601.185747 3500.000000 128 128 128 0.0 2 1810
1812 1813.889564 4601.185747 5750.000000 128 128 128 0.0 2 1811
1813 1803.617108 5021.358481 1250.000000 128 128 128 0.0 2 1812
1814 1803.617108 5021.358481 3500.000000 128 128 128 0.0 2 1813
1815 1803.617108 5021.358481 5750.000000 128 128 128 0.0 2 1814
1816 1793.343322 5441.531448 1250.000000 128 128 128 0.0 2 1815
1817 1793.343322 5441.531448 3500.000000 128 128 128 0.0 2 1816
1818 1793.343322 5441.531448 5750.000000 128 128 128 0.0 2 1817
1819 1783.068208 5861.704647 1250.000000 128 128 128 0.0 2 1818
1820 1783.068208 5861.704647 3500.000000 128 128 128 0.0 2 1819
1821 1783.068208 5861.704647 5750.000000 128 128 128 0.0 2 1820
1822 1772.791765 6281.878078 1250.000000 128 128 128 0.0 2 1821
1823 1772.791765 6281.878078 3500.000000 128 128 128 0.0 2 1822
1824 1772.791765 6281.878078 5750.000000 128 128 128 0.0 2 1823
1825 1762.513993 6702.051743 1250.000000 128 128 128 0.0 2 1824
1826 1762.513993 6702.051743 3500.000000 128 128 128 0.0 2 1825
1827 1762.513993 6702.051743 5750.000000 128 128 128 0.0 2 1826
1828 1752.234894 7122.225639 1250.000000 128 128 128 0.0 2 1827
1829 1752.234894 7122.225639 3500.000000 128 128 128 0.0 2 1828
1830 1752.234894 7122.225639 5750.000000 128 128 128 0.0 2 1829
1831 1741.954465 7542.399768 1250.000000 128 128 128 0.0 2 1830
1832 1741.954465 7542.399768 3500.000000 128 128 128 0.0 2 1831
1833 1741.954465 7542.399768 5750.000000 128 128 128 0.0 2 1832
1834 1731.672709 7962.574130 1250.000000 128 128 128 0.0 2 1833
1835 1731.672709 7962.574130 3500.000000 128 128 128 0.0 2 1834
1836 1731.672709 7962.574130 5750.000000 128 128 128 0.0 2 1835
1837 2653.536609 -5888.639203 1250.000000 128 128 128 0.0 2 1836
1838 2653.536609 -5888.639203 3500.000000 128 128 128 0.0 2 1837
1839 2653.536609 -5888.639203 5750.000000 128 128 128 0.0 2 1838
1840 2643.238534 -5468.472474 1250.000000 128 128 128 0.0 2 1839
1841 2643.238534 -5468.472474 3500.000000 128 128 128 0.0 2 1840
1842 2643.238534 -5468.472474 5750.000000 128 128 128 0.0 2 1841
1843 2632.939120 -5048.305514 1250.000000 128 128 128 0.0 2 1842
1844 2632.939120 -5048.305514 3500.000000 128 128 128 0.0 2 1843
1845 2632.939120 -5048.305514 5750.000000 128 128 128 0.0 2 1844
1846 2622.638367 -4628.138321 1250.000000 128 128 128 0.0 2 1845
1847 2622.638367 -4628.138321 3500.000000 128 128 128 0.0 2 1846
1848 2622.638367 -4628.138321 5750.000000 128 128 128 0.0 2 1847
1849 2612.336277 -4207.970897 1250.000000 128 128 128 0.0 2 1848
1850 2612.336277 -4207.970897 3500.000000 128 128 128 0.0 2 1849
1851 2612.336277 -4207.970897 5750.000000 128 128 128 0.0 2 1850
1852 2602.032847 -3787.803241 1250.000000 128 128 128 0.0 2 1851
1853 2602.032847 -3787.803241 3500.000000 128 128 128 0.0 2 1852
1854 2602.032847 -3787.803241 5750.000000 128 128 128 0.0 2 1853
1855 2591.728080 -3367.635353 1250.000000 128 128 128 0.0 2 1854
1856 2591.728080 -3367.635353 3500.000000 128 128 128 0.0 2 1855
1857 2591.728080 -3367.635353 5750.000000 128 128 128 0.0 2 1856
1858 2581.421974 -2947.467234 1250.000000 128 128 128 0.0 2 1857
1859 2581.421974 -2947.467234 3500.000000 128 128 128 0.0 2 1858
1860 2581.421974 -2947.467234 5750.000000 128 128 128 0.0 2 1859
1861 2571.114530 -2527.298882 1250.000000 128 128 128 0.0 2 1860
1862 2571.114530 -2527.298882 3500.000000 128 128 128 0.0 2 1861
1863 2571.114530 -2527.298882 5750.000000 128 128 128 0.0 2 1862
1864 2560.805748 -2107.130299 1250.000000 128 128 128 0.0 2 1863
1865 2560.805748 -2107.130299 3500.000000 128 128 128 0.0 2 1864
1866 2560.805748 -2107.130299 5750.000000 128 128 128 0.0 2 1865
1867 2550.495628 -1686.961484 1250.000000 128 128 128 0.0 2 1866
1868 2550.495628 -1686.961484 3500.000000 128 128 128 0.0 2 1867
1869 2550.495628 -1686.961484 5750.000000 128 128 128 0.0 2 1868
1870 2540.184171 -1266.792437 1250.000000 128 128 128 0.0 2 1869
1871 2540.184171 -1266.792437 3500.000000 128 128 128 0.0 2 1870
1872 2540.184171 -1266.792437 5750.000000 128 128 128 0.0 2 1871
1873 2529.871375 -846.623158 1250.000000 128 128 128 0.0 2 1872
1874 2529.871375 -846.623158 3500.000000 128 128 128 0.0 2 1873
1875 2529.871375 -846.623158 5750.000000 128 128 128 0.0 2 1874
1876 2519.557242 -426.453648 1250.000000 128 128 128 0.0 2 1875
1877 2519.557242 -426.453648 3500.000000 128 128 128 0.0 2 1876
1878 2519.557242 -426.453648 5750.000000 128 128 128 0.0 2 1877
1879 2509.241772 -6.283905 1250.000000 128 128 128 0.0 2 1878
1880 2509.241772 -6.283905 3500.000000 128 128 128 0.0 2 1879
1881 2509.241772 -6.283905 5750.000000 128 128 128 0.0 2 1880
1882 2498.924963 413.886069 1250.000000 128 128 128 0.0 2 1881
1883 2498.924963 413.886069 3500.000000 128 128 128 0.0 2 1882
1884 2498.924963 413.886069 5750.000000 128 128 128 0.0 2 1883
1885 2488.606818 834.056276 1250.000000 128 128 128 0.0 2 1884
1886 2488.606818 834.056276 3500.000000 128 128 128 0.0 2 1885
1887 2488.606818 834.056276 5750.000000 128 128 128 0.0 2 1886
1888 2478.287335 1254.226714 1250.000000 128 128 128 0.0 2 1887
1889 2478.287335 1254.226714 3500.000000 128 128 128 0.0 2 1888
1890 2478.287335 1254.226714 5750.000000 128 128 128 0.0 2 1889
1891 2467.966515 1674.397384 1250.000000 128 128 128 0.0 2 1890
1892 2467.966515 1674.397384 3500.000000 128 128 128 0.0 2 1891
1893 2467.966515 1674.397384 5750.000000 128 128 128 0.0 2 1892
1894 2457.644358 2094.568286 1250.000000 128 128 128 0.0 2 1893
1895 2457.644358 2094.568286 3500.000000 128 128 128 0.0 2 1894
1896 2457.644358 2094.568286 5750.000000 128 128 128 0.0 2 1895
1897 2447.320864 2514.739420 1250.000000 128 128 128 0.0 2 1896
1898 2447.320864 2514.739420 3500.000000 128 128 128 0.0 2 1897
1899 2447.320864 2514.739420 5750.000000 128 128 128 0.0 2 1898
1900 2436.996032 2934.910786 1250.000000 128 128 128 0.0 2 1899
1901 2436.996032 2934.910786 3500.000000 128 128 128 0.0 2 1900
1902 2436.996032 2934.910786 5750.000000 128 128 128 0.0 2 1901
1903 2426.669864 3355.082384 1250.000000 128 128 128 0.0 2 1902
1904 2426.669864 3355.082384 3500.000000 128 128 128 0.0 2 1903
1905 2426.669864 3355.082384 5750.000000 128 128 128 0.0 2 1904
1906 2416.342360 3775.254214 1250.000000 128 128 128 0.0 2 1905
1907 2416.342360 3775.254214 3500.000000 128 128 128 0.0 2 1906
1908 2416.342360 3775.254214 5750.000000 128 128 128 0.0 2 1907
1909 2406.013518 4195.426276 1250.000000 128 128 128 0.0 2 1908
1910 2406.013518 4195.426276 3500.000000 128 128 128 0.0 2 1909
1911 2406.013518 4195.426276 5750.000000 128 128 128 0.0 2 1910
1912 2395.683340 4615.598570 1250.000000 128 128 128 0.0 2 1911
1913 2395.683340 4615.598570 3500.000000 128 128 128 0.0 2 1912
1914 2395.683340 4615.598570 5750.000000 128 128 128 0.0 2 1913
1915 2385.351825 5035.771096 1250.000000 128 128 128 0.0 2 1914
1916 2385.351825 5035.771096 3500.000000 128 128 128 0.0 2 1915
1917 2385.351825 5035.771096 5750.000000 128 128 128 0.0 2 1916
1918 2375.018974 5455.943853 1250.000000 128 128 128 0.0 2 1917
1919 2375.018974 5455.943853 3500.000000 128 128 128 0.0 2 1918
1920 2375.018974 5455.943853 5750.000000 128 128 128 0.0 2 1919
1921 2364.684787 5876.116843 1250.000000 128 128 128 0.0 2 1920
1922 2364.684787 5876.116843 3500.000000 128 128 128 0.0 2 1921
1923 2364.684787 5876.116843 5750.000000 128 128 128 0.0 2 1922
1924 2354.349263 6296.290065 1250.000000 128 128 128 0.0 2 1923
1925 2354.349263 6296.290065 3500.000000 128 128 128 0.0 2 1924
1926 2354.349263 6296.290065 5750.000000 128 128 128 0.0 2 1925
1927 2344.012404 6716.463519 1250.000000 128 128 128 0.0 2 1926
1928 2344.012404 6716.463519 3500.000000 128 128 128 0.0 2 1927
1929 2344.012404 6716.463519 5750.000000 128 128 128 0.0 2 1928
1930 2333.674208 7136.637205 1250.000000 128 128 128 0.0 2 1929
1931 2333.674208 7136.637205 3500.000000 128 128 128 0.0 2 1930
1932 2333.674208 7136.637205 5750.000000 128 128 128 0.0 2 1931
1933 2323.334676 7556.811122 1250.000000 128 128 128 0.0 2 1932
1934 2323.334676 7556.811122 3500.000000 128 128 128 0.0 2 1933
1935 2323.334676 7556.811122 5750.000000 128 128 128 0.0 2 1934
1936 2312.993808 7976.985272 1250.000000 128 128 128 0.0 2 1935
1937 2312.993808 7976.985272 3500.000000 128 128 128 0.0 2 1936
1938 2312.993808 7976.985272 5750.000000 128 128 128 0.0 2 1937
1939 3236.802187 -5874.098776 1250.000000 128 128 128 0.0 2 1938
1940 3236.802187 -5874.098776 3500.000000 128 128 128 0.0 2 1939
1941 3236.802187 -5874.098776 5750.000000 128 128 128 0.0 2 1940
1942 3226.445244 -5453.932241 1250.000000 128 128 128 0.0 2 1941
1943 3226.445244 -5453.932241 3500.000000 128 128 128 0.0 2 1942
1944 3226.445244 -5453.932241 5750.000000 128 128 128 0.0 2 1943
1945 3216.086955 -5033.765476 1250.000000 128 128 128 0.0 2 1944
1946 3216.086955 -5033.765476 3500.000000 128 128 128 0.0 2 1945
1947 3216.086955 -5033.765476 5750.000000 128 128 128 0.0 2 1946
1948 3205.727320 -4613.598479 1250.000000 128 128 128 0.0 2 1947
1949 3205.727320 -4613.598479 3500.000000 128 128 128 0.0 2 1948
1950 3205.727320 -4613.598479 5750.000000 128 128 128 0.0 2 1949
1951 3195.366339 -4193.431250 1250.000000 128 128 128 0.0 2 1950
1952 3195.366339 -4193.431250 3500.000000 128 128 128 0.0 2 1951
1953 3195.366339 -4193.431250 5750.000000 128 128 128 0.0 2 1952
1954 3185.004011 -3773.263791 1250.000000 128 128 128 0.0 2 1953
1955 3185.004011 -3773.263791 3500.000000 128 128 128 0.0 2 1954
1956 3185.004011 -3773.263791 5750.000000 128 128 128 0.0 2 1955
1957 3174.640338 -3353.096100 1250.000000 128 128 128 0.0 2 1956
1958 3174.640338 -3353.096100 3500.000000 128 128 128 0.0 2 1957
1959 3174.640338 -3353.096100 5750.000000 128 128 128 0.0 2 1958
1960 3164.275319 -2932.928178 1250.000000 128 128 128 0.0 2 1959
1961 3164.275319 -2932.928178 3500.000000 128 128 128 0.0 2 1960
1962 3164.275319 -2932.928178 5750.000000 128 128 128 0.0 2 1961
1963 3153.908954 -2512.760024 1250.000000 128 128 128 0.0 2 1962
1964 3153.908954 -2512.760024 3500.000000 128 128 128 0.0 2 1963
1965 3153.908954 -2512.760024 5750.000000 128 128 128 0.0 2 1964
1966 3143.541244 -2092.591639 1250.000000 128 128 128 0.0 2 1965
1967 3143.541244 -2092.591639 3500.000000 128 128 128 0.0 2 1966
1968 3143.541244 -2092.591639 5750.000000 128 128 128 0.0 2 1967
1969 3133.172188 -1672.423023 1250.000000 128 128 128 0.0 2 1968
1970 3133.172188 -1672.423023 3500.000000 128 128 128 0.0 2 1969
1971 3133.172188 -1672.423023 5750.000000 128 128 128 0.0 2 1970
1972 3122.801786 -1252.254175 1250.000000 128 128 128 0.0 2 1971
1973 3122.801786 -1252.254175 3500.000000 128 128 128 0.0 2 1972
1974 3122.801786 -1252.254175 5750.000000 128 128 128 0.0 2 1973
1975 3112.430040 -832.085096 1250.000000 128 128 128 0.0 2 1974
1976 3112.430040 -832.085096 3500.000000 128 128 128 0.0 2 1975
1977 3112.430040 -832.085096 5750.000000 128 128 128 0.0 2 1976
1978 3102.056947 -411.915785 1250.000000 128 128 128 0.0 2 1977
1979 3102.056947 -411.915785 3500.000000 128 128 128 0.0 2 1978
1980 3102.056947 -411.915785 5750.000000 128 128 128 0.0 2 1979
1981 3091.682510 8.253757 1250.000000 128 128 128 0.0 2 1980
1982 3091.682510 8.253757 3500.000000 128 128 128 0.0 2 1981
1983 3091.682510 8.253757 5750.000000 128 128 128 0.0 2 1982
1984 3081.306728 428.423530 1250.000000 128 128 128 0.0 2 1983
1985 3081.306728 428.423530 3500.000000 128 128 128 0.0 2 1984
1986 3081.306728 428.423530 5750.000000 128 128 128 0.0 2 1985
1987 3070.929600 848.593535 1250.000000 128 128 128 0.0 2 1986
1988 3070.929600 848.593535 3500.000000 128 128 128 0.0 2 1987
1989 3070.929600 848.593535 5750.000000 128 128 128 0.0 2 1988
1990 3060.551128 1268.763771 1250.000000 128 128 128 0.0 2 1989
1991 3060.551128 1268.763771 3500.000000 128 128 128 0.0 2 1990
1992 3060.551128 1268.763771 5750.000000 128 128 128 0.0 2 1991
1993 3050.171310 1688.934239 1250.000000 128 128 128 0.0 2 1992
1994 3050.171310 1688.934239 3500.000000 128 128 128 0.0 2 1993
1995 3050.171310 1688.934239 5750.000000 128 128 128 0.0 2 1994
1996 3039.790148 2109.104938 1250.000000 128 128 128 0.0 2 1995
1997 3039.790148 2109.104938 3500.000000 128 128 128 0.0 2 1996
1998 3039.790148 2109.104938 5750.000000 128 128 128 0.0 2 1997
1999 3029.407642 2529.275869 1250.000000 128 128 128 0.0 2 1998
2000 3029.407642 2529.275869 3500.000000 128 128 128 0.0 2 1999
2001 3029.407642 2529.275869 5750.000000 128 128 128 0.0 2 2000
2002 3019.023790 2949.447031 1250.000000 128 128 128 0.0 2 2001
2003 3019.023790 2949.447031 3500.000000 128 128 128 0.0 2 2002
2004 3019.023790 2949.447031 5750.000000 128 128 128 0.0 2 2003
2005 3008.638594 3369.618424 1250.000000 128 128 128 0.0 2 2004
2006 3008.638594 3369.618424 3500.000000 128 128 128 0.0 2 2005
2007 3008.638594 3369.618424 5750.000000 128 128 128 0.0 2 2006
2008 2998.252054 3789.790049 1250.000000 128 128 128 0.0 2 2007
2009 2998.252054 3789.790049 3500.000000 128 128 128 0.0 2 2008
2010 2998.252054 3789.790049 5750.000000 128 128 128 0.0 2 2009
2011 2987.864170 4209.961906 1250.000000 128 128 128 0.0 2 2010
2012 2987.864170 4209.961906 3500.000000 128 128 128 0.0 2 2011
2013 2987.864170 4209.961906 5750.000000 128 128 128 0.0 2 2012
2014 2977.474941 4630.133994 1250.000000 128 128 128 0.0 2 2013
2015 2977.474941 4630.133994 3500.000000 128 128 128 0.0 2 2014
2016 2977.474941 4630.133994 5750.000000 128 128 128 0.0 2 2015
2017 2967.084368 5050.306314 1250.000000 128 128 128 0.0 2 2016
2018 2967.084368 5050.306314 3500.000000 128 128 128 0.0 2 2017
2019 2967.084368 5050.306314 5750.000000 128 128 128 0.0 2 2018
2020 2956.692451 5470.478865 1250.000000 128 128 128 0.0 2 2019
2021 2956.692451 5470.478865 3500.000000 128 128 128 0.0 2 2020
2022 2956.692451 5470.478865 5750.000000 128 128 128 0.0 2 2021
2023 2946.299190 5890.651647 1250.000000 128 128 128 0.0 2 2022
2024 2946.299190 5890.651647 3500.000000 128 128 128 0.0 2 2023
2025 2946.299190 5890.651647 5750.000000 128 128 128 0.0 2 2024
2026 2935.904585 6310.824661 1250.000000 128 128 128 0.0 2 2025
2027 2935.904585 6310.824661 3500.000000 128 128 128 0.0 2 2026
2028 2935.904585 6310.824661 5750.000000 128 128 128 0.0 2 2027
2029 2925.508637 6730.997907 1250.000000 128 128 128 0.0 2 2028
2030 2925.508637 6730.997907 3500.000000 128 128 128 0.0 2 2029
2031 2925.508637 6730.997907 5750.000000 128 128 128 0.0 2 2030
2032 2915.111344 7151.171384 1250.000000 128 128 128 0.0 2 2031
2033 2915.111344 7151.171384 3500.000000 128 128 128 0.0 2 2032
2034 2915.111344 7151.171384 5750.000000 128 128 128 0.0 2 2033
2035 2904.712708 7571.345093 1250.000000 128 128 128 0.0 2 2034
2036 2904.712708 7571.345093 3500.000000 128 128 128 0.0 2 2035
2037 2904.712708 7571.345093 5750.000000 128 128 128 0.0 2 2036
2038 2894.312729 7991.519034 1250.000000 128 128 128 0.0 2 2037
2039 2894.312729 7991.519034 3500.000000 128 128 128 0.0 2 2038
2040 2894.312729 7991.519034 5750.000000 128 128 128 0.0 2 2039
2041 3820.065587 -5859.435803 1250.000000 128 128 128 0.0 2 2040
2042 3820.065587 -5859.435803 3500.000000 128 128 128 0.0 2 2041
2043 3820.065587 -5859.435803 5750.000000 128 128 128 0.0 2 2042
2044 3809.649777 -5439.269461 1250.000000 128 128 128 0.0 2 2043
2045 3809.649777 -5439.269461 3500.000000 128 128 128 0.0 2 2044
2046 3809.649777 -5439.269461 5750.000000 128 128 128 0.0 2 2045
2047 3799.232612 -5019.102888 1250.000000 128 128 128 0.0 2 2046
2048 3799.232612 -5019.102888 3500.000000 128 128 128 0.0 2 2047
2049 3799.232612 -5019.102888 5750.000000 128 128 128 0.0 2 2048
2050 3788.814094 -4598.936084 1250.000000 128 128 128 0.0 2 2049
2051 3788.814094 -4598.936084 3500.000000 128 128 128 0.0 2 2050
2052 3788.814094 -4598.936084 5750.000000 128 128 128 0.0 2 2051
2053 3778.394222 -4178.769050 1250.000000 128 128 128 0.0 2 2052
2054 3778.394222 -4178.769050 3500.000000 128 128 128 0.0 2 2053
2055 3778.394222 -4178.769050 5750.000000 128 128 128 0.0 2 2054
2056 3767.972996 -3758.601784 1250.000000 128 128 128 0.0 2 2055
2057 3767.972996 -3758.601784 3500.000000 128 128 128 0.0 2 2056
2058 3767.972996 -3758.601784 5750.000000 128 128 128 0.0 2 2057
2059 3757.550417 -3338.434288 1250.000000 128 128 128 0.0 2 2058
2060 3757.550417 -3338.434288 3500.000000 128 128 128 0.0 2 2059
2061 3757.550417 -3338.434288 5750.000000 128 128 128 0.0 2 2060
2062 3747.126484 -2918.266561 1250.000000 128 128 128 0.0 2 2061
2063 3747.126484 -2918.266561 3500.000000 128 128 128 0.0 2 2062
2064 3747.126484 -2918.266561 5750.000000 128 128 128 0.0 2 2063
2065 3736.701198 -2498.098602 1250.000000 128 128 128 0.0 2 2064
2066 3736.701198 -2498.098602 3500.000000 128 128 128 0.0 2 2065
2067 3736.701198 -2498.098602 5750.000000 128 128 128 0.0 2 2066
2068 3726.274558 -2077.930413 1250.000000 128 128 128 0.0 2 2067
2069 3726.274558 -2077.930413 3500.000000 128 128 128 0.0 2 2068
2070 3726.274558 -2077.930413 5750.000000 128 128 128 0.0 2 2069
2071 3715.846566 -1657.761993 1250.000000 128 128 128 0.0 2 2070
2072 3715.846566 -1657.761993 3500.000000 128 128 128 0.0 2 2071
2073 3715.846566 -1657.761993 5750.000000 128 128 128 0.0 2 2072
2074 3705.417220 -1237.593343 1250.000000 128 128 128 0.0 2 2073
2075 3705.417220 -1237.593343 3500.000000 128 128 128 0.0 2 2074
2076 3705.417220 -1237.593343 5750.000000 128 128 128 0.0 2 2075
2077 3694.986521 -817.424461 1250.000000 128 128 128 0.0 2 2076
2078 3694.986521 -817.424461 3500.000000 128 128 128 0.0 2 2077
2079 3694.986521 -817.424461 5750.000000 128 128 128 0.0 2 2078
2080 3684.554469 -397.255348 1250.000000 128 128 128 0.0 2 2079
2081 3684.554469 -397.255348 3500.000000 128 128 128 0.0 2 2080
2082 3684.554469 -397.255348 5750.000000 128 128 128 0.0 2 2081
2083 3674.121065 22.913996 1250.000000 128 128 128 0.0 2 2082
2084 3674.121065 22.913996 3500.000000 128 128 128 0.0 2 2083
2085 3674.121065 22.913996 5750.000000 128 128 128 0.0 2 2084
2086 3663.686307 443.083570 1250.000000 128 128 128 0.0 2 2085
2087 3663.686307 443.083570 3500.000000 128 128 128 0.0 2 2086
2088 3663.686307 443.083570 5750.000000 128 128 128 0.0 2 2087
2089 3653.250197 863.253376 1250.000000 128 128 128 0.0 2 2088
2090 3653.250197 863.253376 3500.000000 128 128 128 0.0 2 2089
2091 3653.250197 863.253376 5750.000000 128 128 128 0.0 2 2090
2092 3642.812735 1283.423412 1250.000000 128 128 128 0.0 2 2091
2093 3642.812735 1283.423412 3500.000000 128 128 128 0.0 2 2092
2094 3642.812735 1283.423412 5750.000000 128 128 128 0.0 2 2093
2095 3632.373920 1703.593680 1250.000000 128 128 128 0.0 2 2094
2096 3632.373920 1703.593680 3500.000000 128 128 128 0.0 2 2095
2097 3632.373920 1703.593680 5750.000000 128 128 128 0.0 2 2096
2098 3621.933752 2123.764178 1250.000000 128 128 128 0.0 2 2097
2099 3621.933752 2123.764178 3500.000000 128 128 128 0.0 2 2098
2100 3621.933752 2123.764178 5750.000000 128 128 128 0.0 2 2099
2101 3611.492232 2543.934907 1250.000000 128 128 128 0.0 2 2100
2102 3611.492232 2543.934907 3500.000000 128 128 128 0.0 2 2101
2103 3611.492232 2543.934907 5750.000000 128 128 128 0.0 2 2102
2104 3601.049360 2964.105868 1250.000000 128 128 128 0.0 2 2103
2105 3601.049360 2964.105868 3500.000000 128 128 128 0.0 2 2104
2106 3601.049360 2964.105868 5750.000000 128 128 128 0.0 2 2105
2107 3590.605136 3384.277059 1250.000000 128 128 128 0.0 2 2106
2108 3590.605136 3384.277059 3500.000000 128 128 128 0.0 2 2107
2109 3590.605136 3384.277059 5750.000000 128 128 128 0.0 2 2108
2110 3580.159560 3804.448482 1250.000000 128 128 128 0.0 2 2109
2111 3580.159560 3804.448482 3500.000000 128 128 128 0.0 2 2110
2112 3580.159560 3804.448482 5750.000000 128 128 128 0.0 2 2111
2113 3569.712632 4224.620135 1250.000000 128 128 128 0.0 2 2112
2114 3569.712632 4224.620135 3500.000000 128 128 128 0.0 2 2113
2115 3569.712632 4224.620135 5750.000000 128 128 128 0.0 2 2114
2116 3559.264352 4644.792020 1250.000000 128 128 128 0.0 2 2115
2117 3559.264352 4644.792020 3500.000000 128 128 128 0.0 2 2116
2118 3559.264352 4644.792020 5750.000000 128 128 128 0.0 2 2117
2119 3548.814720 5064.964135 1250.000000 128 128 128 0.0 2 2118
2120 3548.814720 5064.964135 3500.000000 128 128 128 0.0 2 2119
2121 3548.814720 5064.964135 5750.000000 128 128 128 0.0 2 2120
2122 3538.363737 5485.136482 1250.000000 128 128 128 0.0 2 2121
2123 3538.363737 5485.136482 3500.000000 128 128 128 0.0 2 2122
2124 3538.363737 5485.136482 5750.000000 128 128 128 0.0 2 2123
2125 3527.911401 5905.309060 1250.000000 128 128 128 0.0 2 2124
2126 3527.911401 5905.309060 3500.000000 128 128 128 0.0 2 2125
2127 3527.911401 5905.309060 5750.000000 128 128 128 0.0 2 2126
2128 3517.457715 6325.481868 1250.000000 128 128 128 0.0 2 2127
2129 3517.457715 6325.481868 3500.000000 128 128 128 0.0 2 2128
2130 3517.457715 6325.481868 5750.000000 128 128 128 0.0 2 2129
2131 3507.002677 6745.654908 1250.000000 128 128 128 0.0 2 2130
2132 3507.002677 6745.654908 3500.000000 128 128 128 0.0 2 2131
2133 3507.002677 6745.654908 5750.000000 128 128 128 0.0 2 2132
2134 3496.546288 7165.828179 1250.000000 128 128 128 0.0 2 2133
2135 3496.546288 7165.828179 3500.000000 128 128 128 0.0 2 2134
2136 3496.546288 7165.828179 5750.000000 128 128 128 0.0 2 2135
2137 3486.088547 7586.001681 1250.000000 128 128 128 0.0 2 2136
2138 3486.088547 7586.001681 3500.000000 128 128 128 0.0 2 2137
2139 3486.088547 7586.001681 5750.000000 128 128 128 0.0 2 2138
2140 3475.629455 8006.175414 1250.000000 128 128 128 0.0 2 2139
2141 3475.629455 8006.175414 3500.000000 128 128 128 0.0 2 2140
2142 3475.629455 8006.175414 5750.000000 128 128 128 0.0 2 2141
2143 4403.326796 -5844.650286 1250.000000 128 128 128 0.0 2 2142
2144 4403.326796 -5844.650286 3500.000000 128 128 128 0.0 2 2143
2145 4403.326796 -5844.650286 5750.000000 128 128 128 0.0 2 2144
2146 4392.852117 -5424.484133 1250.000000 128 128 128 0.0 2 2145
2147 4392.852117 -5424.484133 3500.000000 128 128 128 0.0 2 2146
2148 4392.852117 -5424.484133 5750.000000 128 128 128 0.0 2 2147
2149 4382.376077 -5004.317751 1250.000000 128 128 128 0.0 2 2148
2150 4382.376077 -5004.317751 3500.000000 128 128 128 0.0 2 2149
2151 4382.376077 -5004.317751 5750.000000 128 128 128 0.0 2 2150
2152 4371.898675 -4584.151138 1250.000000 128 128 128 0.0 2 2151
2153 4371.898675 -4584.151138 3500.000000 128 128 128 0.0 2 2152
2154 4371.898675 -4584.151138 5750.000000 128 128 128 0.0 2 2153
2155 4361.419911 -4163.984295 1250.000000 128 128 128 0.0 2 2154
2156 4361.419911 -4163.984295 3500.000000 128 128 128 0.0 2 2155
2157 4361.419911 -4163.984295 5750.000000 128 128 128 0.0 2 2156
2158 4350.939786 -3743.817221 1250.000000 128 128 128 0.0 2 2157
2159 4350.939786 -3743.817221 3500.000000 128 128 128 0.0 2 2158
2160 4350.939786 -3743.817221 5750.000000 128 128 128 0.0 2 2159
2161 4340.458300 -3323.649917 1250.000000 128 128 128 0.0 2 2160
2162 4340.458300 -3323.649917 3500.000000 128 128 128 0.0 2 2161
2163 4340.458300 -3323.649917 5750.000000 128 128 128 0.0 2 2162
2164 4329.975453 -2903.482382 1250.000000 128 128 128 0.0 2 2163
2165 4329.975453 -2903.482382 3500.000000 128 128 128 0.0 2 2164
2166 4329.975453 -2903.482382 5750.000000 128 128 128 0.0 2 2165
2167 4319.491245 -2483.314617 1250.000000 128 128 128 0.0 2 2166
2168 4319.491245 -2483.314617 3500.000000 128 128 128 0.0 2 2167
2169 4319.491245 -2483.314617 5750.000000 128 128 128 0.0 2 2168
2170 4309.005676 -2063.146622 1250.000000 128 128 128 0.0 2 2169
2171 4309.005676 -2063.146622 3500.000000 128 128 128 0.0 2 2170
2172 4309.005676 -2063.146622 5750.000000 128 128 128 0.0 2 2171
2173 4298.518746 -1642.978396 1250.000000 128 128 128 0.0 2 2172
2174 4298.518746 -1642.978396 3500.000000 128 128 128 0.0 2 2173
2175 4298.518746 -1642.978396 5750.000000 128 128 128 0.0 2 2174
2176 4288.030456 -1222.809940 1250.000000 128 128 128 0.0 2 2175
2177 4288.030456 -1222.809940 3500.000000 128 128 128 0.0 2 2176
2178 4288.030456 -1222.809940 5750.000000 128 128 128 0.0 2 2177
2179 4277.540804 -802.641253 1250.000000 128 128 128 0.0 2 2178
2180 4277.540804 -802.641253 3500.000000 128 128 128 0.0 2 2179
2181 4277.540804 -802.641253 5750.000000 128 128 128 0.0 2 2180
2182 4267.049792 -382.472336 1250.000000 128 128 128 0.0 2 2181
2183 4267.049792 -382.472336 3500.000000 128 128 128 0.0 2 2182
2184 4267.049792 -382.472336 5750.000000 128 128 128 0.0 2 2183
2185 4256.557420 37.696811 1250.000000 128 128 128 0.0 2 2184
2186 4256.557420 37.696811 3500.000000 128 128 128 0.0 2 2185
2187 4256.557420 37.696811 5750.000000 128 128 128 0.0 2 2186
2188 4246.063687 457.866189 1250.000000 128 128 128 0.0 2 2187
2189 4246.063687 457.866189 3500.000000 128 128 128 0.0 2 2188
2190 4246.063687 457.866189 5750.000000 128 128 128 0.0 2 2189
2191 4235.568594 878.035798 1250.000000 128 128 128 0.0 2 2190
2192 4235.568594 878.035798 3500.000000 128 128 128 0.0 2 2191
2193 4235.568594 878.035798 5750.000000 128 128 128 0.0 2 2192
2194 4225.072141 1298.205637 1250.000000 128 128 128 0.0 2 2193
2195 4225.072141 1298.205637 3500.000000 128 128 128 0.0 2 2194
2196 4225.072141 1298.205637 5750.000000 128 128 128 0.0 2 2195
2197 4214.574327 1718.375706 1250.000000 128 128 128 0.0 2 2196
2198 4214.574327 1718.375706 3500.000000 128 128 128 0.0 2 2197
2199 4214.574327 1718.375706 5750.000000 128 128 128 0.0 2 2198
2200 4204.075154 2138.546006 1250.000000 128 128 128 0.0 2 2199
2201 4204.075154 2138.546006 3500.000000 128 128 128 0.0 2 2200
2202 4204.075154 2138.546006 5750.000000 128 128 128 0.0 2 2201
2203 4193.574621 2558.716537 1250.000000 128 128 128 0.0 2 2202
2204 4193.574621 2558.716537 3500.000000 128 128 128 0.0 2 2203
2205 4193.574621 2558.716537 5750.000000 128 128 128 0.0 2 2204
2206 4183.072727 2978.887298 1250.000000 128 128 128 0.0 2 2205
2207 4183.072727 2978.887298 3500.000000 128 128 128 0.0 2 2206
2208 4183.072727 2978.887298 5750.000000 128 128 128 0.0 2 2207
2209 4172.569474 3399.058289 1250.000000 128 128 128 0.0 2 2208
2210 4172.569474 3399.058289 3500.000000 128 128 128 0.0 2 2209
2211 4172.569474 3399.058289 5750.000000 128 128 128 0.0 2 2210
2212 4162.064862 3819.229512 1250.000000 128 128 128 0.0 2 2211
2213 4162.064862 3819.229512 3500.000000 128 128 128 0.0 2 2212
2214 4162.064862 3819.229512 5750.000000 128 128 128 0.0 2 2213
2215 4151.558889 4239.400964 1250.000000 128 128 128 0.0 2 2214
2216 4151.558889 4239.400964 3500.000000 128 128 128 0.0 2 2215
2217 4151.558889 4239.400964 5750.000000 128 128 128 0.0 2 2216
2218 4141.051558 4659.572647 1250.000000 128 128 128 0.0 2 2217
2219 4141.051558 4659.572647 3500.000000 128 128 128 0.0 2 2218
2220 4141.051558 4659.572647 5750.000000 128 128 128 0.0 2 2219
2221 4130.542866 5079.744561 1250.000000 128 128 128 0.0 2 2220
2222 4130.542866 5079.744561 3500.000000 128 128 128 0.0 2 2221
2223 4130.542866 5079.744561 5750.000000 128 128 128 0.0 2 2222
2224 4120.032816 5499.916705 1250.000000 128 128 128 0.0 2 2223
2225 4120.032816 5499.916705 3500.000000 128 128 128 0.0 2 2224
2226 4120.032816 5499.916705 5750.000000 128 128 128 0.0 2 2225
2227 4109.521406 5920.089080 1250.000000 128 128 128 0.0 2 2226
2228 4109.521406 5920.089080 3500.000000 128 128 128 0.0 2 2227
2229 4109.521406 5920.089080 5750.000000 128 128 128 0.0 2 2228
2230 4099.008637 6340.261686 1250.000000 128 128 128 0.0 2 2229
2231 4099.008637 6340.261686 3500.000000 128 128 128 0.0 2 2230
2232 4099.008637 6340.261686 5750.000000 128 128 128 0.0 2 2231
2233 4088.494509 6760.434522 1250.000000 128 128 128 0.0 2 2232
2234 4088.494509 6760.434522 3500.000000 128 128 128 0.0 2 2233
2235 4088.494509 6760.434522 5750.000000 128 128 128 0.0 2 2234
2236 4077.979023 7180.607589 1250.000000 128 128 128 0.0 2 2235
2237 4077.979023 7180.607589 3500.000000 128 128 128 0.0 2 2236
2238 4077.979023 7180.607589 5750.000000 128 128 128 0.0 2 2237
2239 4067.462177 7600.780886 1250.000000 128 128 128 0.0 2 2238
2240 4067.462177 7600.780886 3500.000000 128 128 128 0.0 2 2239
2241 4067.462177 7600.780886 5750.000000 128 128 128 0.0 2 2240
2242 4056.943972 8020.954414 1250.000000 128 128 128 0.0 2 2241
2243 4056.943972 8020.954414 3500.000000 128 128 128 0.0 2 2242
2244 4056.943972 8020.954414 5750.000000 128 128 128 0.0 2 2243
2245 4986.585799 -5829.742223 1250.000000 128 128 128 0.0 2 2244
2246 4986.585799 -5829.742223 3500.000000 128 128 128 0.0 2 2245
2247 4986.585799 -5829.742223 5750.000000 128 128 128 0.0 2 2246
2248 4976.052251 -5409.576258 1250.000000 128 128 128 0.0 2 2247
2249 4976.052251 -5409.576258 3500.000000 128 128 128 0.0 2 2248
2250 4976.052251 -5409.576258 5750.000000 128 128 128 0.0 2 2249
2251 4965.517333 -4989.410063 1250.000000 128 128 128 0.0 2 2250
2252 4965.517333 -4989.410063 3500.000000 128 128 128 0.0 2 2251
2253 4965.517333 -4989.410063 5750.000000 128 128 128 0.0 2 2252
2254 4954.981047 -4569.243639 1250.000000 128 128 128 0.0 2 2253
2255 4954.981047 -4569.243639 3500.000000 128 128 128 0.0 2 2254
2256 4954.981047 -4569.243639 5750.000000 128 128 128 0.0 2 2255
2257 4944.443392 -4149.076985 1250.000000 128 128 128 0.0 2 2256
2258 4944.443392 -4149.076985 3500.000000 128 128 128 0.0 2 2257
2259 4944.443392 -4149.076985 5750.000000 128 128 128 0.0 2 2258
2260 4933.904367 -3728.910100 1250.000000 128 128 128 0.0 2 2259
2261 4933.904367 -3728.910100 3500.000000 128 128 128 0.0 2 2260
2262 4933.904367 -3728.910100 5750.000000 128 128 128 0.0 2 2261
2263 4923.363974 -3308.742986 1250.000000 128 128 128 0.0 2 2262
2264 4923.363974 -3308.742986 3500.000000 128 128 128 0.0 2 2263
2265 4923.363974 -3308.742986 5750.000000 128 128 128 0.0 2 2264
2266 4912.822212 -2888.575642 1250.000000 128 128 128 0.0 2 2265
2267 4912.822212 -2888.575642 3500.000000 128 128 128 0.0 2 2266
2268 4912.822212 -2888.575642 5750.000000 128 128 128 0.0 2 2267
2269 4902.279082 -2468.408068 1250.000000 128 128 128 0.0 2 2268
2270 4902.279082 -2468.408068 3500.000000 128 128 128 0.0 2 2269
2271 4902.279082 -2468.408068 5750.000000 128 128 128 0.0 2 2270
2272 4891.734582 -2048.240264 1250.000000 128 128 128 0.0 2 2271
2273 4891.734582 -2048.240264 3500.000000 128 128 128 0.0 2 2272
2274 4891.734582 -2048.240264 5750.000000 128 128 128 0.0 2 2273
2275 4881.188715 -1628.072230 1250.000000 128 128 128 0.0 2 2274
2276 4881.188715 -1628.072230 3500.000000 128 128 128 0.0 2 2275
2277 4881.188715 -1628.072230 5750.000000 128 128 128 0.0 2 2276
2278 4870.641479 -1207.903967 1250.000000 128 128 128 0.0 2 2277
2279 4870.641479 -1207.903967 3500.000000 128 128 128 0.0 2 2278
2280 4870.641479 -1207.903967 5750.000000 128 128 128 0.0 2 2279
2281 4860.092874 -787.735473 1250.000000 128 128 128 0.0 2 2280
2282 4860.092874 -787.735473 3500.000000 128 128 128 0.0 2 2281
2283 4860.092874 -787.735473 5750.000000 128 128 128 0.0 2 2282
2284 4849.542902 -367.566749 1250.000000 128 128 128 0.0 2 2283
2285 4849.542902 -367.566749 3500.000000 128 128 128 0.0 2 2284
2286 4849.542902 -367.566749 5750.000000 128 128 128 0.0 2 2285
2287 4838.991561 52.602205 1250.000000 128 128 128 0.0 2 2286
2288 4838.991561 52.602205 3500.000000 128 128 128 0.0 2 2287
2289 4838.991561 52.602205 5750.000000 128 128 128 0.0 2 2288
2290 4828.438852 472.771388 1250.000000 128 128 128 0.0 2 2289
2291 4828.438852 472.771388 3500.000000 128 128 128 0.0 2 2290
2292 4828.438852 472.771388 5750.000000 128 128 128 0.0 2 2291
2293 4817.884775 892.940802 1250.000000 128 128 128 0.0 2 2292
2294 4817.884775 892.940802 3500.000000 128 128 128 0.0 2 2293
2295 4817.884775 892.940802 5750.000000 128 128 128 0.0 2 2294
2296 4807.329331 1313.110446 1250.000000 128 128 128 0.0 2 2295
2297 4807.329331 1313.110446 3500.000000 128 128 128 0.0 2 2296
2298 4807.329331 1313.110446 5750.000000 128 128 128 0.0 2 2297
2299 4796.772519 1733.280320 1250.000000 128 128 128 0.0 2 2298
2300 4796.772519 1733.280320 3500.000000 128 128 128 0.0 2 2299
2301 4796.772519 1733.280320 5750.000000 128 128 128 0.0 2 2300
2302 4786.214339 2153.450424 1250.000000 128 128 128 0.0 2 2301
2303 4786.214339 2153.450424 3500.000000 128 128 128 0.0 2 2302
2304 4786.214339 2153.450424 5750.000000 128 128 128 0.0 2 2303
2305 4775.654791 2573.620757 1250.000000 128 128 128 0.0 2 2304
2306 4775.654791 2573.620757 3500.000000 128 128 128 0.0 2 2305
2307 4775.654791 2573.620757 5750.000000 128 128 128 0.0 2 2306
2308 4765.093876 2993.791321 1250.000000 128 128 128 0.0 2 2307
2309 4765.093876 2993.791321 3500.000000 128 128 128 0.0 2 2308
2310 4765.093876 2993.791321 5750.000000 128 128 128 0.0 2 2309
2311 4754.531594 3413.962115 1250.000000 128 128 128 0.0 2 2310
2312 4754.531594 3413.962115 3500.000000 128 128 128 0.0 2 2311
2313 4754.531594 3413.962115 5750.000000 128 128 128 0.0 2 2312
2314 4743.967944 3834.133139 1250.000000 128 128 128 0.0 2 2313
2315 4743.967944 3834.133139 3500.000000 128 128 128 0.0 2 2314
2316 4743.967944 3834.133139 5750.000000 128 128 128 0.0 2 2315
2317 4733.402927 4254.304393 1250.000000 128 128 128 0.0 2 2316
2318 4733.402927 4254.304393 3500.000000 128 128 128 0.0 2 2317
2319 4733.402927 4254.304393 5750.000000 128 128 128 0.0 2 2318
2320 4722.836543 4674.475877 1250.000000 128 128 128 0.0 2 2319
2321 4722.836543 4674.475877 3500.000000 128 128 128 0.0 2 2320
2322 4722.836543 4674.475877 5750.000000 128 128 128 0.0 2 2321
2323 4712.268792 5094.647592 1250.000000 128 128 128 0.0 2 2322
2324 4712.268792 5094.647592 3500.000000 128 128 128 0.0 2 2323
2325 4712.268792 5094.647592 5750.000000 128 128 128 0.0 2 2324
2326 4701.699674 5514.819536 1250.000000 128 128 128 0.0 2 2325
2327 4701.699674 5514.819536 3500.000000 128 128 128 0.0 2 2326
2328 4701.699674 5514.819536 5750.000000 128 128 128 0.0 2 2327
2329 4691.129189 5934.991710 1250.000000 128 128 128 0.0 2 2328
2330 4691.129189 5934.991710 3500.000000 128 128 128 0.0 2 2329
2331 4691.129189 5934.991710 5750.000000 128 128 128 0.0 2 2330
2332 4680.557337 6355.164115 1250.000000 128 128 128 0.0 2 2331
2333 4680.557337 6355.164115 3500.000000 128 128 128 0.0 2 2332
2334 4680.557337 6355.164115 5750.000000 128 128 128 0.0 2 2333
2335 4669.984119 6775.336749 1250.000000 128 128 128 0.0 2 2334
2336 4669.984119 6775.336749 3500.000000 128 128 128 0.0 2 2335
2337 4669.984119 6775.336749 5750.000000 128 128 128 0.0 2 2336
2338 4659.409534 7195.509614 1250.000000 128 128 128 0.0 2 2337
2339 4659.409534 7195.509614 3500.000000 128 128 128 0.0 2 2338
2340 4659.409534 7195.509614 5750.000000 128 128 128 0.0 2 2339
2341 4648.833582 7615.682709 1250.000000 128 128 128 0.0 2 2340
2342 4648.833582 7615.682709 3500.000000 128 128 128 0.0 2 2341
2343 4648.833582 7615.682709 5750.000000 128 128 128 0.0 2 2342
2344 4638.256265 8035.856034 1250.000000 128 128 128 0.0 2 2343
2345 4638.256265 8035.856034 3500.000000 128 128 128 0.0 2 2344
2346 4638.256265 8035.856034 5750.000000 128 128 128 0.0 2 2345
2347 5569.842579 -5814.711613 1250.000000 128 128 128 0.0 2 2346
2348 5569.842579 -5814.711613 3500.000000 128 128 128 0.0 2 2347
2349 5569.842579 -5814.711613 5750.000000 128 128 128 0.0 2 2348
2350 5559.250161 -5394.545834 1250.000000 128 128 128 0.0 2 2349
2351 5559.250161 -5394.545834 3500.000000 128 128 128 0.0 2 2350
2352 5559.250161 -5394.545834 5750.000000 128 128 128 0.0 2 2351
2353 5548.656367 -4974.379825 1250.000000 128 128 128 0.0 2 2352
2354 5548.656367 -4974.379825 3500.000000 128 128 128 0.0 2 2353
2355 5548.656367 -4974.379825 5750.000000 128 128 128 0.0 2 2354
2356 5538.061196 -4554.213587 1250.000000 128 128 128 0.0 2 2355
2357 5538.061196 -4554.213587 3500.000000 128 128 128 0.0 2 2356
2358 5538.061196 -4554.213587 5750.000000 128 128 128 0.0 2 2357
2359 5527.464648 -4134.047120 1250.000000 128 128 128 0.0 2 2358
2360 5527.464648 -4134.047120 3500.000000 128 128 128 0.0 2 2359
2361 5527.464648 -4134.047120 5750.000000 128 128 128 0.0 2 2360
2362 5516.866723 -3713.880423 1250.000000 128 128 128 0.0 2 2361
2363 5516.866723 -3713.880423 3500.000000 128 128 128 0.0 2 2362
2364 5516.866723 -3713.880423 5750.000000 128 128 128 0.0 2 2363
2365 5506.267422 -3293.713496 1250.000000 128 128 128 0.0 2 2364
2366 5506.267422 -3293.713496 3500.000000 128 128 128 0.0 2 2365
2367 5506.267422 -3293.713496 5750.000000 128 128 128 0.0 2 2366
2368 5495.666745 -2873.546340 1250.000000 128 128 128 0.0 2 2367
2369 5495.666745 -2873.546340 3500.000000 128 128 128 0.0 2 2368
2370 5495.666745 -2873.546340 5750.000000 128 128 128 0.0 2 2369
2371 5485.064691 -2453.378955 1250.000000 128 128 128 0.0 2 2370
2372 5485.064691 -2453.378955 3500.000000 128 128 128 0.0 2 2371
2373 5485.064691 -2453.378955 5750.000000 128 128 128 0.0 2 2372
2374 5474.461262 -2033.211340 1250.000000 128 128 128 0.0 2 2373
2375 5474.461262 -2033.211340 3500.000000 128 128 128 0.0 2 2374
2376 5474.461262 -2033.211340 5750.000000 128 128 128 0.0 2 2375
2377 5463.856456 -1613.043496 1250.000000 128 128 128 0.0 2 2376
2378 5463.856456 -1613.043496 3500.000000 128 128 128 0.0 2 2377
2379 5463.856456 -1613.043496 5750.000000 128 128 128 0.0 2 2378
2380 5453.250274 -1192.875422 1250.000000 128 128 128 0.0 2 2379
2381 5453.250274 -1192.875422 3500.000000 128 128 128 0.0 2 2380
2382 5453.250274 -1192.875422 5750.000000 128 128 128 0.0 2 2381
2383 5442.642716 -772.707119 1250.000000 128 128 128 0.0 2 2382
2384 5442.642716 -772.707119 3500.000000 128 128 128 0.0 2 2383
2385 5442.642716 -772.707119 5750.000000 128 128 128 0.0 2 2384
2386 5432.033782 -352.538586 1250.000000 128 128 128 0.0 2 2385
2387 5432.033782 -352.538586 3500.000000 128 128 128 0.0 2 2386
2388 5432.033782 -352.538586 5750.000000 128 128 128 0.0 2 2387
2389 5421.423472 67.630176 1250.000000 128 128 128 0.0 2 2388
2390 5421.423472 67.630176 3500.000000 128 128 128 0.0 2 2389
2391 5421.423472 67.630176 5750.000000 128 128 128 0.0 2 2390
2392 5410.811787 487.799168 1250.000000 128 128 128 0.0 2 2391
2393 5410.811787 487.799168 3500.000000 128 128 128 0.0 2 2392
2394 5410.811787 487.799168 5750.000000 128 128 128 0.0 2 2393
2395 5400.198726 907.968389 1250.000000 128 128 128 0.0 2 2394
2396 5400.198726 907.968389 3500.000000 128 128 128 0.0 2 2395
2397 5400.198726 907.968389 5750.000000 128 128 128 0.0 2 2396
2398 5389.584290 1328.137840 1250.000000 128 128 128 0.0 2 2397
2399 5389.584290 1328.137840 3500.000000 128 128 128 0.0 2 2398
2400 5389.584290 1328.137840 5750.000000 128 128 128 0.0 2 2399
2401 5378.968478 1748.307520 1250.000000 128 128 128 0.0 2 2400
2402 5378.968478 1748.307520 3500.000000 128 128 128 0.0 2 2401
2403 5378.968478 1748.307520 5750.000000 128 128 128 0.0 2 2402
2404 5368.351291 2168.477430 1250.000000 128 128 128 0.0 2 2403
2405 5368.351291 2168.477430 3500.000000 128 128 128 0.0 2 2404
2406 5368.351291 2168.477430 5750.000000 128 128 128 0.0 2 2405
2407 5357.732729 2588.647569 1250.000000 128 128 128 0.0 2 2406
2408 5357.732729 2588.647569 3500.000000 128 128 128 0.0 2 2407
2409 5357.732729 2588.647569 5750.000000 128 128 128 0.0 2 2408
2410 5347.112791 3008.817938 1250.000000 128 128 128 0.0 2 2409
2411 5347.112791 3008.817938 3500.000000 128 128 128 0.0 2 2410
2412 5347.112791 3008.817938 5750.000000 128 128 128 0.0 2 2411
2413 5336.491479 3428.988537 1250.000000 128 128 128 0.0 2 2412
2414 5336.491479 3428.988537 3500.000000 128 128 128 0.0 2 2413
2415 5336.491479 3428.988537 5750.000000 128 128 128 0.0 2 2414
2416 5325.868792 3849.159365 1250.000000 128 128 128 0.0 2 2415
2417 5325.868792 3849.159365 3500.000000 128 128 128 0.0 2 2416
2418 5325.868792 3849.159365 5750.000000 128 128 128 0.0 2 2417
2419 5315.244729 4269.330423 1250.000000 128 128 128 0.0 2 2418
2420 5315.244729 4269.330423 3500.000000 128 128 128 0.0 2 2419
2421 5315.244729 4269.330423 5750.000000 128 128 128 0.0 2 2420
2422 5304.619292 4689.501710 1250.000000 128 128 128 0.0 2 2421
2423 5304.619292 4689.501710 3500.000000 128 128 128 0.0 2 2422
2424 5304.619292 4689.501710 5750.000000 128 128 128 0.0 2 2423
2425 5293.992481 5109.673227 1250.000000 128 128 128 0.0 2 2424
2426 5293.992481 5109.673227 3500.000000 128 128 128 0.0 2 2425
2427 5293.992481 5109.673227 5750.000000 128 128 128 0.0 2 2426
2428 5283.364295 5529.844973 1250.000000 128 128 128 0.0 2 2427
2429 5283.364295 5529.844973 3500.000000 128 128 128 0.0 2 2428
2430 5283.364295 5529.844973 5750.000000 128 128 128 0.0 2 2429
2431 5272.734734 5950.016949 1250.000000 128 128 128 0.0 2 2430
2432 5272.734734 5950.016949 3500.000000 128 128 128 0.0 2 2431
2433 5272.734734 5950.016949 5750.000000 128 128 128 0.0 2 2432
2434 5262.103799 6370.189155 1250.000000 128 128 128 0.0 2 2433
2435 5262.103799 6370.189155 3500.000000 128 128 128 0.0 2 2434
2436 5262.103799 6370.189155 5750.000000 128 128 128 0.0 2 2435
2437 5251.471490 6790.361591 1250.000000 128 128 128 0.0 2 2436
2438 5251.471490 6790.361591 3500.000000 128 128 128 0.0 2 2437
2439 5251.471490 6790.361591 5750.000000 128 128 128 0.0 2 2438
2440 5240.837806 7210.534256 1250.000000 128 128 128 0.0 2 2439
2441 5240.837806 7210.534256 3500.000000 128 128 128 0.0 2 2440
2442 5240.837806 7210.534256 5750.000000 128 128 128 0.0 2 2441
2443 5230.202748 7630.707150 1250.000000 128 128 128 0.0 2 2442
2444 5230.202748 7630.707150 3500.000000 128 128 128 0.0 2 2443
2445 5230.202748 7630.707150 5750.000000 128 128 128 0.0 2 2444
2446 5219.566317 8050.880275 1250.000000 128 128 128 0.0 2 2445
2447 5219.566317 8050.880275 3500.000000 128 128 128 0.0 2 2446
2448 5219.566317 8050.880275 5750.000000 128 128 128 0.0 2 2447
2449 6153.097122 -5799.558458 1250.000000 128 128 128 0.0 2 2448
2450 6153.097122 -5799.558458 3500.000000 128 128 128 0.0 2 2449
2451 6153.097122 -5799.558458 5750.000000 128 128 128 0.0 2 2450
2452 6142.445835 -5379.392861 1250.000000 128 128 128 0.0 2 2451
2453 6142.445835 -5379.392861 3500.000000 128 128 128 0.0 2 2452
2454 6142.445835 -5379.392861 5750.000000 128 128 128 0.0 2 2453
2455 6131.793162 -4959.227036 1250.000000 128 128 128 0.0 2 2454
2456 6131.793162 -4959.227036 3500.000000 128 128 128 0.0 2 2455
2457 6131.793162 -4959.227036 5750.000000 128 128 128 0.0 2 2456
2458 6121.139106 -4539.060982 1250.000000 128 128 128 0.0 2 2457
2459 6121.139106 -4539.060982 3500.000000 128 128 128 0.0 2 2458
2460 6121.139106 -4539.060982 5750.000000 128 128 128 0.0 2 2459
2461 6110.483665 -4118.894699 1250.000000 128 128 128 0.0 2 2460
2462 6110.483665 -4118.894699 3500.000000 128 128 128 0.0 2 2461
2463 6110.483665 -4118.894699 5750.000000 128 128 128 0.0 2 2462
2464 6099.826840 -3698.728187 1250.000000 128 128 128 0.0 2 2463
2465 6099.826840 -3698.728187 3500.000000 128 128 128 0.0 2 2464
2466 6099.826840 -3698.728187 5750.000000 128 128 128 0.0 2 2465
2467 6089.168630 -3278.561446 1250.000000 128 128 128 0.0 2 2466
2468 6089.168630 -3278.561446 3500.000000 128 128 128 0.0 2 2467
2469 6089.168630 -3278.561446 5750.000000 128 128 128 0.0 2 2468
2470 6078.509037 -2858.394476 1250.000000 128 128 128 0.0 2 2469
2471 6078.509037 -2858.394476 3500.000000 128 128 128 0.0 2 2470
2472 6078.509037 -2858.394476 5750.000000 128 128 128 0.0 2 2471
2473 6067.848060 -2438.227277 1250.000000 128 128 128 0.0 2 2472
2474 6067.848060 -2438.227277 3500.000000 128 128 128 0.0 2 2473
2475 6067.848060 -2438.227277 5750.000000 128 128 128 0.0 2 2474
2476 6057.185699 -2018.059849 1250.000000 128 128 128 0.0 2 2475
2477 6057.185699 -2018.059849 3500.000000 128 128 128 0.0 2 2476
2478 6057.185699 -2018.059849 5750.000000 128 128 128 0.0 2 2477
2479 6046.521954 -1597.892192 1250.000000 128 128 128 0.0 2 2478
2480 6046.521954 -1597.892192 3500.000000 128 128 128 0.0 2 2479
2481 6046.521954 -1597.892192 5750.000000 128 128 128 0.0 2 2480
2482 6035.856825 -1177.724306 1250.000000 128 128 128 0.0 2 2481
2483 6035.856825 -1177.724306 3500.000000 128 128 128 0.0 2 2482
2484 6035.856825 -1177.724306 5750.000000 128 128 128 0.0 2 2483
2485 6025.190313 -757.556191 1250.000000 128 128 128 0.0 2 2484
2486 6025.190313 -757.556191 3500.000000 128 128 128 0.0 2 2485
2487 6025.190313 -757.556191 5750.000000 128 128 128 0.0 2 2486
2488 6014.522417 -337.387847 1250.000000 128 128 128 0.0 2 2487
2489 6014.522417 -337.387847 3500.000000 128 128 128 0.0 2 2488
2490 6014.522417 -337.387847 5750.000000 128 128 128 0.0 2 2489
2491 6003.853138 82.780726 1250.000000 128 128 128 0.0 2 2490
2492 6003.853138 82.780726 3500.000000 128 128 128 0.0 2 2491
2493 6003.853138 82.780726 5750.000000 128 128 128 0.0 2 2492
2494 5993.182476 502.949528 1250.000000 128 128 128 0.0 2 2493
2495 5993.182476 502.949528 3500.000000 128 128 128 0.0 2 2494
2496 5993.182476 502.949528 5750.000000 128 128 128 0.0 2 2495
2497 5982.510431 923.118559 1250.000000 128 128 128 0.0 2 2496
2498 5982.510431 923.118559 3500.000000 128 128 128 0.0 2 2497
2499 5982.510431 923.118559 5750.000000 128 128 128 0.0 2 2498
2500 5971.837002 1343.287819 1250.000000 128 128 128 0.0 2 2499
2501 5971.837002 1343.287819 3500.000000 128 128 128 0.0 2 2500
2502 5971.837002 1343.287819 5750.000000 128 128 128 0.0 2 2501
2503 5961.162190 1763.457308 1250.000000 128 128 128 0.0 2 2502
2504 5961.162190 1763.457308 3500.000000 128 128 128 0.0 2 2503
2505 5961.162190 1763.457308 5750.000000 128 128 128 0.0 2 2504
2506 5950.485996 2183.627026 1250.000000 128 128 128 0.0 2 2505
2507 5950.485996 2183.627026 3500.000000 128 128 128 0.0 2 2506
2508 5950.485996 2183.627026 5750.000000 128 128 128 0.0 2 2507
2509 5939.808418 2603.796973 1250.000000 128 128 128 0.0 2 2508
2510 5939.808418 2603.796973 3500.000000 128 128 128 0.0 2 2509
2511 5939.808418 2603.796973 5750.000000 128 128 128 0.0 2 2510
2512 5929.129458 3023.967150 1250.000000 128 128 128 0.0 2 2511
2513 5929.129458 3023.967150 3500.000000 128 128 128 0.0 2 2512
2514 5929.129458 3023.967150 5750.000000 128 128 128 0.0 2 2513
2515 5918.449115 3444.137555 1250.000000 128 128 128 0.0 2 2514
2516 5918.449115 3444.137555 3500.000000 128 128 128 0.0 2 2515
2517 5918.449115 3444.137555 5750.000000 128 128 128 0.0 2 2516
2518 5907.767390 3864.308190 1250.000000 128 128 128 0.0 2 2517
2519 5907.767390 3864.308190 3500.000000 128 128 128 0.0 2 2518
2520 5907.767390 3864.308190 5750.000000 128 128 128 0.0 2 2519
2521 5897.084282 4284.479053 1250.000000 128 128 128 0.0 2 2520
2522 5897.084282 4284.479053 3500.000000 128 128 128 0.0 2 2521
2523 5897.084282 4284.479053 5750.000000 128 128 128 0.0 2 2522
2524 5886.399791 4704.650146 1250.000000 128 128 128 0.0 2 2523
2525 5886.399791 4704.650146 3500.000000 128 128 128 0.0 2 2524
2526 5886.399791 4704.650146 5750.000000 128 128 128 0.0 2 2525
2527 5875.713919 5124.821468 1250.000000 128 128 128 0.0 2 2526
2528 5875.713919 5124.821468 3500.000000 128 128 128 0.0 2 2527
2529 5875.713919 5124.821468 5750.000000 128 128 128 0.0 2 2528
2530 5865.026664 5544.993018 1250.000000 128 128 128 0.0 2 2529
2531 5865.026664 5544.993018 3500.000000 128 128 128 0.0 2 2530
2532 5865.026664 5544.993018 5750.000000 128 128 128 0.0 2 2531
2533 5854.338027 5965.164798 1250.000000 128 128 128 0.0 2 2532
2534 5854.338027 5965.164798 3500.000000 128 128 128 0.0 2 2533
2535 5854.338027 5965.164798 5750.000000 128 128 128 0.0 2 2534
2536 5843.648008 6385.336808 1250.000000 128 128 128 0.0 2 2535
2537 5843.648008 6385.336808 3500.000000 128 128 128 0.0 2 2536
2538 5843.648008 6385.336808 5750.000000 128 128 128 0.0 2 2537
2539 5832.956607 6805.509046 1250.000000 128 128 128 0.0 2 2538
2540 5832.956607 6805.509046 3500.000000 128 128 128 0.0 2 2539
2541 5832.956607 6805.509046 5750.000000 128 128 128 0.0 2 2540
2542 5822.263824 7225.681514 1250.000000 128 128 128 0.0 2 2541
2543 5822.263824 7225.681514 3500.000000 128 128 128 0.0 2 2542
2544 5822.263824 7225.681514 5750.000000 128 128 128 0.0 2 2543
2545 5811.569660 7645.854210 1250.000000 128 128 128 0.0 2 2544
2546 5811.569660 7645.854210 3500.000000 128 128 128 0.0 2 2545
2547 5811.569660 7645.854210 5750.000000 128 128 128 0.0 2 2546
2548 5800.874114 8066.027136 1250.000000 128 128 128 0.0 2 2547
2549 5800.874114 8066.027136 3500.000000 128 128 128 0.0 2 2548
2550 5800.874114 8066.027136 5750.000000 128 128 128 0.0 2 2549
2551 6736.349413 -5784.282755 1250.000000 128 128 128 0.0 2 2550
2552 6736.349413 -5784.282755 3500.000000 128 128 128 0.0 2 2551
2553 6736.349413 -5784.282755 5750.000000 128 128 128 0.0 2 2552
2554 6725.639255 -5364.117340 1250.000000 128 128 128 0.0 2 2553
2555 6725.639255 -5364.117340 3500.000000 128 128 128 0.0 2 2554
2556 6725.639255 -5364.117340 5750.000000 128 128 128 0.0 2 2555
2557 6714.927704 -4943.951695 1250.000000 128 128 128 0.0 2 2556
2558 6714.927704 -4943.951695 3500.000000 128 128 128 0.0 2 2557
2559 6714.927704 -4943.951695 5750.000000 128 128 128 0.0 2 2558
2560 6704.214762 -4523.785823 1250.000000 128 128 128 0.0 2 2559
2561 6704.214762 -4523.785823 3500.000000 128 128 128 0.0 2 2560
2562 6704.214762 -4523.785823 5750.000000 128 128 128 0.0 2 2561
2563 6693.500427 -4103.619722 1250.000000 128 128 128 0.0 2 2562
2564 6693.500427 -4103.619722 3500.000000 128 128 128 0.0 2 2563
2565 6693.500427 -4103.619722 5750.000000 128 128 128 0.0 2 2564
2566 6682.784701 -3683.453392 1250.000000 128 128 128 0.0 2 2565
2567 6682.784701 -3683.453392 3500.000000 128 128 128 0.0 2 2566
2568 6682.784701 -3683.453392 5750.000000 128 128 128 0.0 2 2567
2569 6672.067583 -3263.286834 1250.000000 128 128 128 0.0 2 2568
2570 6672.067583 -3263.286834 3500.000000 128 128 128 0.0 2 2569
2571 6672.067583 -3263.286834 5750.000000 128 128 128 0.0 2 2570
2572 6661.349073 -2843.120048 1250.000000 128 128 128 0.0 2 2571
2573 6661.349073 -2843.120048 3500.000000 128 128 128 0.0 2 2572
2574 6661.349073 -2843.120048 5750.000000 128 128 128 0.0 2 2573
2575 6650.629171 -2422.953033 1250.000000 128 128 128 0.0 2 2574
2576 6650.629171 -2422.953033 3500.000000 128 128 128 0.0 2 2575
2577 6650.629171 -2422.953033 5750.000000 128 128 128 0.0 2 2576
2578 6639.907879 -2002.785790 1250.000000 128 128 128 0.0 2 2577
2579 6639.907879 -2002.785790 3500.000000 128 128 128 0.0 2 2578
2580 6639.907879 -2002.785790 5750.000000 128 128 128 0.0 2 2579
2581 6629.185194 -1582.618318 1250.000000 128 128 128 0.0 2 2580
2582 6629.185194 -1582.618318 3500.000000 128 128 128 0.0 2 2581
2583 6629.185194 -1582.618318 5750.000000 128 128 128 0.0 2 2582
2584 6618.461119 -1162.450618 1250.000000 128 128 128 0.0 2 2583
2585 6618.461119 -1162.450618 3500.000000 128 128 128 0.0 2 2584
2586 6618.461119 -1162.450618 5750.000000 128 128 128 0.0 2 2585
2587 6607.735652 -742.282689 1250.000000 128 128 128 0.0 2 2586
2588 6607.735652 -742.282689 3500.000000 128 128 128 0.0 2 2587
2589 6607.735652 -742.282689 5750.000000 128 128 128 0.0 2 2588
2590 6597.008794 -322.114531 1250.000000 128 128 128 0.0 2 2589
2591 6597.008794 -322.114531 3500.000000 128 128 128 0.0 2 2590
2592 6597.008794 -322.114531 5750.000000 128 128 128 0.0 2 2591
2593 6586.280545 98.053855 1250.000000 128 128 128 0.0 2 2592
2594 6586.280545 98.053855 3500.000000 128 128 128 0.0 2 2593
2595 6586.280545 98.053855 5750.000000 128 128 128 0.0 2 2594
2596 6575.550905 518.222469 1250.000000 128 128 128 0.0 2 2595
2597 6575.550905 518.222469 3500.000000 128 128 128 0.0 2 2596
2598 6575.550905 518.222469 5750.000000 128 128 128 0.0 2 2597
2599 6564.819874 938.391312 1250.000000 128 128 128 0.0 2 2598
2600 6564.819874 938.391312 3500.000000 128 128 128 0.0 2 2599
2601 6564.819874 938.391312 5750.000000 128 128 128 0.0 2 2600
2602 6554.087452 1358.560384 1250.000000 128 128 128 0.0 2 2601
2603 6554.087452 1358.560384 3500.000000 128 128 128 0.0 2 2602
2604 6554.087452 1358.560384 5750.000000 128 128 128 0.0 2 2603
2605 6543.353640 1778.729684 1250.000000 128 128 128 0.0 2 2604
2606 6543.353640 1778.729684 3500.000000 128 128 128 0.0 2 2605
2607 6543.353640 1778.729684 5750.000000 128 128 128 0.0 2 2606
2608 6532.618437 2198.899212 1250.000000 128 128 128 0.0 2 2607
2609 6532.618437 2198.899212 3500.000000 128 128 128 0.0 2 2608
2610 6532.618437 2198.899212 5750.000000 128 128 128 0.0 2 2609
2611 6521.881844 2619.068970 1250.000000 128 128 128 0.0 2 2610
2612 6521.881844 2619.068970 3500.000000 128 128 128 0.0 2 2611
2613 6521.881844 2619.068970 5750.000000 128 128 128 0.0 2 2612
2614 6511.143861 3039.238956 1250.000000 128 128 128 0.0 2 2613
2615 6511.143861 3039.238956 3500.000000 128 128 128 0.0 2 2614
2616 6511.143861 3039.238956 5750.000000 128 128 128 0.0 2 2615
2617 6500.404487 3459.409170 1250.000000 128 128 128 0.0 2 2616
2618 6500.404487 3459.409170 3500.000000 128 128 128 0.0 2 2617
2619 6500.404487 3459.409170 5750.000000 128 128 128 0.0 2 2618
2620 6489.663722 3879.579613 1250.000000 128 128 128 0.0 2 2619
2621 6489.663722 3879.579613 3500.000000 128 128 128 0.0 2 2620
2622 6489.663722 3879.579613 5750.000000 128 128 128 0.0 2 2621
2623 6478.921568 4299.750285 1250.000000 128 128 128 0.0 2 2622
2624 6478.921568 4299.750285 3500.000000 128 128 128 0.0 2 2623
2625 6478.921568 4299.750285 5750.000000 128 128 128 0.0 2 2624
2626 6468.178024 4719.921185 1250.000000 128 128 128 0.0 2 2625
2627 6468.178024 4719.921185 3500.000000 128 128 128 0.0 2 2626
2628 6468.178024 4719.921185 5750.000000 128 128 128 0.0 2 2627
2629 6457.433090 5140.092314 1250.000000 128 128 128 0.0 2 2628
2630 6457.433090 5140.092314 3500.000000 128 128 128 0.0 2 2629
2631 6457.433090 5140.092314 5750.000000 128 128 128 0.0 2 2630
2632 6446.686766 5560.263672 1250.000000 128 128 128 0.0 2 2631
2633 6446.686766 5560.263672 3500.000000 128 128 128 0.0 2 2632
2634 6446.686766 5560.263672 5750.000000 128 128 128 0.0 2 2633
2635 6435.939052 5980.435258 1250.000000 128 128 128 0.0 2 2634
2636 6435.939052 5980.435258 3500.000000 128 128 128 0.0 2 2635
2637 6435.939052 5980.435258 5750.000000 128 128 128 0.0 2 2636
2638 6425.189948 6400.607073 1250.000000 128 128 128 0.0 2 2637
2639 6425.189948 6400.607073 3500.000000 128 128 128 0.0 2 2638
2640 6425.189948 6400.607073 5750.000000 128 128 128 0.0 2 2639
2641 6414.439455 6820.779116 1250.000000 128 128 128 0.0 2 2640
2642 6414.439455 6820.779116 3500.000000 128 128 128 0.0 2 2641
2643 6414.439455 6820.779116 5750.000000 128 128 128 0.0 2 2642
2644 6403.687573 7240.951388 1250.000000 128 128 128 0.0 2 2643
2645 6403.687573 7240.951388 3500.000000 128 128 128 0.0 2 2644
2646 6403.687573 7240.951388 5750.000000 128 128 128 0.0 2 2645
2647 6392.934301 7661.123889 1250.000000 128 128 128 0.0 2 2646
2648 6392.934301 7661.123889 3500.000000 128 128 128 0.0 2 2647
2649 6392.934301 7661.123889 5750.000000 128 128 128 0.0 2 2648
2650 6382.179640 8081.296619 1250.000000 128 128 128 0.0 2 2649
2651 6382.179640 8081.296619 3500.000000 128 128 128 0.0 2 2650
2652 6382.179640 8081.296619 5750.000000 128 128 128 0.0 2 2651
2653 7319.599436 -5768.884505 1250.000000 128 128 128 0.0 2 2652
2654 7319.599436 -5768.884505 3500.000000 128 128 128 0.0 2 2653
2655 7319.599436 -5768.884505 5750.000000 128 128 128 0.0 2 2654
2656 7308.830407 -5348.719268 1250.000000 128 128 128 0.0 2 2655
2657 7308.830407 -5348.719268 3500.000000 128 128 128 0.0 2 2656
2658 7308.830407 -5348.719268 5750.000000 128 128 128 0.0 2 2657
2659 7298.059978 -4928.553803 1250.000000 128 128 128 0.0 2 2658
2660 7298.059978 -4928.553803 3500.000000 128 128 128 0.0 2 2659
2661 7298.059978 -4928.553803 5750.000000 128 128 128 0.0 2 2660
2662 7287.288149 -4508.388110 1250.000000 128 128 128 0.0 2 2661
2663 7287.288149 -4508.388110 3500.000000 128 128 128 0.0 2 2662
2664 7287.288149 -4508.388110 5750.000000 128 128 128 0.0 2 2663
2665 7276.514920 -4088.222189 1250.000000 128 128 128 0.0 2 2664
2666 7276.514920 -4088.222189 3500.000000 128 128 128 0.0 2 2665
2667 7276.514920 -4088.222189 5750.000000 128 128 128 0.0 2 2666
2668 7265.740292 -3668.056039 1250.000000 128 128 128 0.0 2 2667
2669 7265.740292 -3668.056039 3500.000000 128 128 128 0.0 2 2668
2670 7265.740292 -3668.056039 5750.000000 128 128 128 0.0 2 2669
2671 7254.964264 -3247.889662 1250.000000 128 128 128 0.0 2 2670
2672 7254.964264 -3247.889662 3500.000000 128 128 128 0.0 2 2671
2673 7254.964264 -3247.889662 5750.000000 128 128 128 0.0 2 2672
2674 7244.186837 -2827.723057 1250.000000 128 128 128 0.0 2 2673
2675 7244.186837 -2827.723057 3500.000000 128 128 128 0.0 2 2674
2676 7244.186837 -2827.723057 5750.000000 128 128 128 0.0 2 2675
2677 7233.408011 -2407.556224 1250.000000 128 128 128 0.0 2 2676
2678 7233.408011 -2407.556224 3500.000000 128 128 128 0.0 2 2677
2679 7233.408011 -2407.556224 5750.000000 128 128 128 0.0 2 2678
2680 7222.627786 -1987.389163 1250.000000 128 128 128 0.0 2 2679
2681 7222.627786 -1987.389163 3500.000000 128 128 128 0.0 2 2680
2682 7222.627786 -1987.389163 5750.000000 128 128 128 0.0 2 2681
2683 7211.846162 -1567.221874 1250.000000 128 128 128 0.0 2 2682
2684 7211.846162 -1567.221874 3500.000000 128 128 128 0.0 2 2683
2685 7211.846162 -1567.221874 5750.000000 128 128 128 0.0 2 2684
2686 7201.063138 -1147.054357 1250.000000 128 128 128 0.0 2 2685
2687 7201.063138 -1147.054357 3500.000000 128 128 128 0.0 2 2686
2688 7201.063138 -1147.054357 5750.000000 128 128 128 0.0 2 2687
2689 7190.278716 -726.886612 1250.000000 128 128 128 0.0 2 2688
2690 7190.278716 -726.886612 3500.000000 128 128 128 0.0 2 2689
2691 7190.278716 -726.886612 5750.000000 128 128 128 0.0 2 2690
2692 7179.492895 -306.718639 1250.000000 128 128 128 0.0 2 2691
2693 7179.492895 -306.718639 3500.000000 128 128 128 0.0 2 2692
2694 7179.492895 -306.718639 5750.000000 128 128 128 0.0 2 2693
2695 7168.705676 113.449562 1250.000000 128 128 128 0.0 2 2694
2696 7168.705676 113.449562 3500.000000 128 128 128 0.0 2 2695
2697 7168.705676 113.449562 5750.000000 128 128 128 0.0 2 2696
2698 7157.917058 533.617992 1250.000000 128 128 128 0.0 2 2697
2699 7157.917058 533.617992 3500.000000 128 128 128 0.0 2 2698
2700 7157.917058 533.617992 5750.000000 128 128 128 0.0 2 2699
2701 7147.127041 953.786649 1250.000000 128 128 128 0.0 2 2700
2702 7147.127041 953.786649 3500.000000 128 128 128 0.0 2 2701
2703 7147.127041 953.786649 5750.000000 128 128 128 0.0 2 2702
2704 7136.335626 1373.955534 1250.000000 128 128 128 0.0 2 2703
2705 7136.335626 1373.955534 3500.000000 128 128 128 0.0 2 2704
2706 7136.335626 1373.955534 5750.000000 128 128 128 0.0 2 2705
2707 7125.542813 1794.124648 1250.000000 128 128 128 0.0 2 2706
2708 7125.542813 1794.124648 3500.000000 128 128 128 0.0 2 2707
2709 7125.542813 1794.124648 5750.000000 128 128 128 0.0 2 2708
2710 7114.748601 2214.293989 1250.000000 128 128 128 0.0 2 2709
2711 7114.748601 2214.293989 3500.000000 128 128 128 0.0 2 2710
2712 7114.748601 2214.293989 5750.000000 128 128 128 0.0 2 2711
2713 7103.952992 2634.463559 1250.000000 128 128 128 0.0 2 2712
2714 7103.952992 2634.463559 3500.000000 128 128 128 0.0 2 2713
2715 7103.952992 2634.463559 5750.000000 128 128 128 0.0 2 2714
2716 7093.155984 3054.633356 1250.000000 128 128 128 0.0 2 2715
2717 7093.155984 3054.633356 3500.000000 128 128 128 0.0 2 2716
2718 7093.155984 3054.633356 5750.000000 128 128 128 0.0 2 2717
2719 7082.357578 3474.803382 1250.000000 128 128 128 0.0 2 2718
2720 7082.357578 3474.803382 3500.000000 128 128 128 0.0 2 2719
2721 7082.357578 3474.803382 5750.000000 128 128 128 0.0 2 2720
2722 7071.557775 3894.973636 1250.000000 128 128 128 0.0 2 2721
2723 7071.557775 3894.973636 3500.000000 128 128 128 0.0 2 2722
2724 7071.557775 3894.973636 5750.000000 128 128 128 0.0 2 2723
2725 7060.756574 4315.144118 1250.000000 128 128 128 0.0 2 2724
2726 7060.756574 4315.144118 3500.000000 128 128 128 0.0 2 2725
2727 7060.756574 4315.144118 5750.000000 128 128 128 0.0 2 2726
2728 7049.953975 4735.314828 1250.000000 128 128 128 0.0 2 2727
2729 7049.953975 4735.314828 3500.000000 128 128 128 0.0 2 2728
2730 7049.953975 4735.314828 5750.000000 128 128 128 0.0 2 2729
2731 7039.149979 5155.485767 1250.000000 128 128 128 0.0 2 2730
2732 7039.149979 5155.485767 3500.000000 128 128 128 0.0 2 2731
2733 7039.149979 5155.485767 5750.000000 128 128 128 0.0 2 2732
2734 7028.344585 5575.656933 1250.000000 128 128 128 0.0 2 2733
2735 7028.344585 5575.656933 3500.000000 128 128 128 0.0 2 2734
2736 7028.344585 5575.656933 5750.000000 128 128 128 0.0 2 2735
2737 7017.537794 5995.828328 1250.000000 128 128 128 0.0 2 2736
2738 7017.537794 5995.828328 3500.000000 128 128 128 0.0 2 2737
2739 7017.537794 5995.828328 5750.000000 128 128 128 0.0 2 2738
2740 7006.729605 6415.999950 1250.000000 128 128 128 0.0 2 2739
2741 7006.729605 6415.999950 3500.000000 128 128 128 0.0 2 2740
2742 7006.729605 6415.999950 5750.000000 128 128 128 0.0 2 2741
2743 6995.920019 6836.171801 1250.000000 128 128 128 0.0 2 2742
2744 6995.920019 6836.171801 3500.000000 128 128 128 0.0 2 2743
2745 6995.920019 6836.171801 5750.000000 128 128 128 0.0 2 2744
2746 6985.109037 7256.343880 1250.000000 128 128 128 0.0 2 2745
2747 6985.109037 7256.343880 3500.000000 128 128 128 0.0 2 2746
2748 6985.109037 7256.343880 5750.000000 128 128 128 0.0 2 2747
2749 6974.296657 7676.516188 1250.000000 128 128 128 0.0 2 2748
2750 6974.296657 7676.516188 3500.000000 128 128 128 0.0 2 2749
2751 6974.296657 7676.516188 5750.000000 128 128 128 0.0 2 2750
2752 6963.482880 8096.688723 1250.000000 128 128 128 0.0 2 2751
2753 6963.482880 8096.688723 3500.000000 128 128 128 0.0 2 2752
2754 6963.482880 8096.688723 5750.000000 128 128 128 0.0 2 2753
2755 7902.847177 -5753.363708 1250.000000 128 128 128 0.0 2 2754
2756 7902.847177 -5753.363708 3500.000000 128 128 128 0.0 2 2755
2757 7902.847177 -5753.363708 5750.000000 128 128 128 0.0 2 2756
2758 7892.019276 -5333.198647 1250.000000 128 128 128 0.0 2 2757
2759 7892.019276 -5333.198647 3500.000000 128 128 128 0.0 2 2758
2760 7892.019276 -5333.198647 5750.000000 128 128 128 0.0 2 2759
2761 7881.189967 -4913.033358 1250.000000 128 128 128 0.0 2 2760
2762 7881.189967 -4913.033358 3500.000000 128 128 128 0.0 2 2761
2763 7881.189967 -4913.033358 5750.000000 128 128 128 0.0 2 2762
2764 7870.359251 -4492.867842 1250.000000 128 128 128 0.0 2 2763
2765 7870.359251 -4492.867842 3500.000000 128 128 128 0.0 2 2764
2766 7870.359251 -4492.867842 5750.000000 128 128 128 0.0 2 2765
2767 7859.527128 -4072.702098 1250.000000 128 128 128 0.0 2 2766
2768 7859.527128 -4072.702098 3500.000000 128 128 128 0.0 2 2767
2769 7859.527128 -4072.702098 5750.000000 128 128 128 0.0 2 2768
2770 7848.693597 -3652.536127 1250.000000 128 128 128 0.0 2 2769
2771 7848.693597 -3652.536127 3500.000000 128 128 128 0.0 2 2770
2772 7848.693597 -3652.536127 5750.000000 128 128 128 0.0 2 2771
2773 7837.858660 -3232.369929 1250.000000 128 128 128 0.0 2 2772
2774 7837.858660 -3232.369929 3500.000000 128 128 128 0.0 2 2773
2775 7837.858660 -3232.369929 5750.000000 128 128 128 0.0 2 2774
2776 7827.022315 -2812.203503 1250.000000 128 128 128 0.0 2 2775
2777 7827.022315 -2812.203503 3500.000000 128 128 128 0.0 2 2776
2778 7827.022315 -2812.203503 5750.000000 128 128 128 0.0 2 2777
2779 7816.184564 -2392.036849 1250.000000 128 128 128 0.0 2 2778
2780 7816.184564 -2392.036849 3500.000000 128 128 128 0.0 2 2779
2781 7816.184564 -2392.036849 5750.000000 128 128 128 0.0 2 2780
2782 7805.345406 -1971.869968 1250.000000 128 128 128 0.0 2 2781
2783 7805.345406 -1971.869968 3500.000000 128 128 128 0.0 2 2782
2784 7805.345406 -1971.869968 5750.000000 128 128 128 0.0 2 2783
2785 7794.504841 -1551.702859 1250.000000 128 128 128 0.0 2 2784
2786 7794.504841 -1551.702859 3500.000000 128 128 128 0.0 2 2785
2787 7794.504841 -1551.702859 5750.000000 128 128 128 0.0 2 2786
2788 7783.662869 -1131.535523 1250.000000 128 128 128 0.0 2 2787
2789 7783.662869 -1131.535523 3500.000000 128 128 128 0.0 2 2788
2790 7783.662869 -1131.535523 5750.000000 128 128 128 0.0 2 2789
2791 7772.819491 -711.367960 1250.000000 128 128 128 0.0 2 2790
2792 7772.819491 -711.367960 3500.000000 128 128 128 0.0 2 2791
2793 7772.819491 -711.367960 5750.000000 128 128 128 0.0 2 2792
2794 7761.974707 -291.200169 1250.000000 128 128 128 0.0 2 2793
2795 7761.974707 -291.200169 3500.000000 128 128 128 0.0 2 2794
2796 7761.974707 -291.200169 5750.000000 128 128 128 0.0 2 2795
2797 7751.128516 128.967850 1250.000000 128 128 128 0.0 2 2796
2798 7751.128516 128.967850 3500.000000 128 128 128 0.0 2 2797
2799 7751.128516 128.967850 5750.000000 128 128 128 0.0 2 2798
2800 7740.280919 549.136096 1250.000000 128 128 128 0.0 2 2799
2801 7740.280919 549.136096 3500.000000 128 128 128 0.0 2 2800
2802 7740.280919 549.136096 5750.000000 128 128 128 0.0 2 2801
2803 7729.431916 969.304570 1250.000000 128 128 128 0.0 2 2802
2804 7729.431916 969.304570 3500.000000 128 128 128 0.0 2 2803
2805 7729.431916 969.304570 5750.000000 128 128 128 0.0 2 2804
2806 7718.581507 1389.473272 1250.000000 128 128 128 0.0 2 2805
2807 7718.581507 1389.473272 3500.000000 128 128 128 0.0 2 2806
2808 7718.581507 1389.473272 5750.000000 128 128 128 0.0 2 2807
2809 7707.729693 1809.642200 1250.000000 128 128 128 0.0 2 2808
2810 7707.729693 1809.642200 3500.000000 128 128 128 0.0 2 2809
2811 7707.729693 1809.642200 5750.000000 128 128 128 0.0 2 2810
2812 7696.876472 2229.811357 1250.000000 128 128 128 0.0 2 2811
2813 7696.876472 2229.811357 3500.000000 128 128 128 0.0 2 2812
2814 7696.876472 2229.811357 5750.000000 128 128 128 0.0 2 2813
2815 7686.021845 2649.980741 1250.000000 128 128 128 0.0 2 2814
2816 7686.021845 2649.980741 3500.000000 128 128 128 0.0 2 2815
2817 7686.021845 2649.980741 5750.000000 128 128 128 0.0 2 2816
2818 7675.165813 3070.150353 1250.000000 128 128 128 0.0 2 2817
2819 7675.165813 3070.150353 3500.000000 128 128 128 0.0 2 2818
2820 7675.165813 3070.150353 5750.000000 128 128 128 0.0 2 2819
2821 7664.308375 3490.320192 1250.000000 128 128 128 0.0 2 2820
2822 7664.308375 3490.320192 3500.000000 128 128 128 0.0 2 2821
2823 7664.308375 3490.320192 5750.000000 128 128 128 0.0 2 2822
2824 7653.449532 3910.490259 1250.000000 128 128 128 0.0 2 2823
2825 7653.449532 3910.490259 3500.000000 128 128 128 0.0 2 2824
2826 7653.449532 3910.490259 5750.000000 128 128 128 0.0 2 2825
2827 7642.589283 4330.660554 1250.000000 128 128 128 0.0 2 2826
2828 7642.589283 4330.660554 3500.000000 128 128 128 0.0 2 2827
2829 7642.589283 4330.660554 5750.000000 128 128 128 0.0 2 2828
2830 7631.727630 4750.831076 1250.000000 128 128 128 0.0 2 2829
2831 7631.727630 4750.831076 3500.000000 128 128 128 0.0 2 2830
2832 7631.727630 4750.831076 5750.000000 128 128 128 0.0 2 2831
2833 7620.864570 5171.001826 1250.000000 128 128 128 0.0 2 2832
2834 7620.864570 5171.001826 3500.000000 128 128 128 0.0 2 2833
2835 7620.864570 5171.001826 5750.000000 128 128 128 0.0 2 2834
2836 7610.000106 5591.172803 1250.000000 128 128 128 0.0 2 2835
2837 7610.000106 5591.172803 3500.000000 128 128 128 0.0 2 2836
2838 7610.000106 5591.172803 5750.000000 128 128 128 0.0 2 2837
2839 7599.134237 6011.344009 1250.000000 128 128 128 0.0 2 2838
2840 7599.134237 6011.344009 3500.000000 128 128 128 0.0 2 2839
2841 7599.134237 6011.344009 5750.000000 128 128 128 0.0 2 2840
2842 7588.266963 6431.515442 1250.000000 128 128 128 0.0 2 2841
2843 7588.266963 6431.515442 3500.000000 128 128 128 0.0 2 2842
2844 7588.266963 6431.515442 5750.000000 128 128 128 0.0 2 2843
2845 7577.398284 6851.687102 1250.000000 128 128 128 0.0 2 2844
2846 7577.398284 6851.687102 3500.000000 128 128 128 0.0 2 2845
2847 7577.398284 6851.687102 5750.000000 128 128 128 0.0 2 2846
2848 7566.528200 7271.858990 1250.000000 128 128 128 0.0 2 2847
2849 7566.528200 7271.858990 3500.000000 128 128 128 0.0 2 2848
2850 7566.528200 7271.858990 5750.000000 128 128 128 0.0 2 2849
2851 7555.656712 7692.031106 1250.000000 128 128 128 0.0 2 2850
2852 7555.656712 7692.031106 3500.000000 128 128 128 0.0 2 2851
2853 7555.656712 7692.031106 5750.000000 128 128 128 0.0 2 2852
2854 7544.783819 8112.203450 1250.000000 128 128 128 0.0 2 2853
2855 7544.783819 8112.203450 3500.000000 128 128 128 0.0 2 2854
2856 7544.783819 8112.203450 5750.000000 128 128 128 0.0 2 2855
2857 8486.092620 -5737.720362 1250.000000 128 128 128 0.0 2 2856
2858 8486.092620 -5737.720362 3500.000000 128 128 128 0.0 2 2857
2859 8486.092620 -5737.720362 5750.000000 128 128 128 0.0 2 2858
2860 8475.205847 -5317.555475 1250.000000 128 128 128 0.0 2 2859
2861 8475.205847 -5317.555475 3500.000000 128 128 128 0.0 2 2860
2862 8475.205847 -5317.555475 5750.000000 128 128 128 0.0 2 2861
2863 8464.317658 -4897.390360 1250.000000 128 128 128 0.0 2 2862
2864 8464.317658 -4897.390360 3500.000000 128 128 128 0.0 2 2863
2865 8464.317658 -4897.390360 5750.000000 128 128 128 0.0 2 2864
2866 8453.428054 -4477.225019 1250.000000 128 128 128 0.0 2 2865
2867 8453.428054 -4477.225019 3500.000000 128 128 128 0.0 2 2866
2868 8453.428054 -4477.225019 5750.000000 128 128 128 0.0 2 2867
2869 8442.537035 -4057.059451 1250.000000 128 128 128 0.0 2 2868
2870 8442.537035 -4057.059451 3500.000000 128 128 128 0.0 2 2869
2871 8442.537035 -4057.059451 5750.000000 128 128 128 0.0 2 2870
2872 8431.644602 -3636.893655 1250.000000 128 128 128 0.0 2 2871
2873 8431.644602 -3636.893655 3500.000000 128 128 128 0.0 2 2872
2874 8431.644602 -3636.893655 5750.000000 128 128 128 0.0 2 2873
2875 8420.750754 -3216.727633 1250.000000 128 128 128 0.0 2 2874
2876 8420.750754 -3216.727633 3500.000000 128 128 128 0.0 2 2875
2877 8420.750754 -3216.727633 5750.000000 128 128 128 0.0 2 2876
2878 8409.855491 -2796.561384 1250.000000 128 128 128 0.0 2 2877
2879 8409.855491 -2796.561384 3500.000000 128 128 128 0.0 2 2878
2880 8409.855491 -2796.561384 5750.000000 128 128 128 0.0 2 2879
2881 8398.958814 -2376.394907 1250.000000 128 128 128 0.0 2 2880
2882 8398.958814 -2376.394907 3500.000000 128 128 128 0.0 2 2881
2883 8398.958814 -2376.394907 5750.000000 128 128 128 0.0 2 2882
2884 8388.060722 -1956.228204 1250.000000 128 128 128 0.0 2 2883
2885 8388.060722 -1956.228204 3500.000000 128 128 128 0.0 2 2884
2886 8388.060722 -1956.228204 5750.000000 128 128 128 0.0 2 2885
2887 8377.161216 -1536.061274 1250.000000 128 128 128 0.0 2 2886
2888 8377.161216 -1536.061274 3500.000000 128 128 128 0.0 2 2887
2889 8377.161216 -1536.061274 5750.000000 128 128 128 0.0 2 2888
2890 8366.260296 -1115.894116 1250.000000 128 128 128 0.0 2 2889
2891 8366.260296 -1115.894116 3500.000000 128 128 128 0.0 2 2890
2892 8366.260296 -1115.894116 5750.000000 128 128 128 0.0 2 2891
2893 8355.357962 -695.726732 1250.000000 128 128 128 0.0 2 2892
2894 8355.357962 -695.726732 3500.000000 128 128 128 0.0 2 2893
2895 8355.357962 -695.726732 5750.000000 128 128 128 0.0 2 2894
2896 8344.454213 -275.559121 1250.000000 128 128 128 0.0 2 2895
2897 8344.454213 -275.559121 3500.000000 128 128 128 0.0 2 2896
2898 8344.454213 -275.559121 5750.000000 128 128 128 0.0 2 2897
2899 8333.549051 144.608718 1250.000000 128 128 128 0.0 2 2898
2900 8333.549051 144.608718 3500.000000 128 128 128 0.0 2 2899
2901 8333.549051 144.608718 5750.000000 128 128 128 0.0 2 2900
2902 8322.642475 564.776783 1250.000000 128 128 128 0.0 2 2901
2903 8322.642475 564.776783 3500.000000 128 128 128 0.0 2 2902
2904 8322.642475 564.776783 5750.000000 128 128 128 0.0 2 2903
2905 8311.734485 984.945076 1250.000000 128 128 128 0.0 2 2904
2906 8311.734485 984.945076 3500.000000 128 128 128 0.0 2 2905
2907 8311.734485 984.945076 5750.000000 128 128 128 0.0 2 2906
2908 8300.825082 1405.113596 1250.000000 128 128 128 0.0 2 2907
2909 8300.825082 1405.113596 3500.000000 128 128 128 0.0 2 2908
2910 8300.825082 1405.113596 5750.000000 128 128 128 0.0 2 2909
2911 8289.914264 1825.282342 1250.000000 128 128 128 0.0 2 2910
2912 8289.914264 1825.282342 3500.000000 128 128 128 0.0 2 2911
2913 8289.914264 1825.282342 5750.000000 128 128 128 0.0 2 2912
2914 8279.002034 2245.451316 1250.000000 128 128 128 0.0 2 2913
2915 8279.002034 2245.451316 3500.000000 128 128 128 0.0 2 2914
2916 8279.002034 2245.451316 5750.000000 128 128 128 0.0 2 2915
2917 8268.088390 2665.620517 1250.000000 128 128 128 0.0 2 2916
2918 8268.088390 2665.620517 3500.000000 128 128 128 0.0 2 2917
2919 8268.088390 2665.620517 5750.000000 128 128 128 0.0 2 2918
2920 8257.173332 3085.789945 1250.000000 128 128 128 0.0 2 2919
2921 8257.173332 3085.789945 3500.000000 128 128 128 0.0 2 2920
2922 8257.173332 3085.789945 5750.000000 128 128 128 0.0 2 2921
2923 8246.256862 3505.959600 1250.000000 128 128 128 0.0 2 2922
2924 8246.256862 3505.959600 3500.000000 128 128 128 0.0 2 2923
2925 8246.256862 3505.959600 5750.000000 128 128 128 0.0 2 2924
2926 8235.338978 3926.129483 1250.000000 128 128 128 0.0 2 2925
2927 8235.338978 3926.129483 3500.000000 128 128 128 0.0 2 2926
2928 8235.338978 3926.129483 5750.000000 128 128 128 0.0 2 2927
2929 8224.419682 4346.299592 1250.000000 128 128 128 0.0 2 2928
2930 8224.419682 4346.299592 3500.000000 128 128 128 0.0 2 2929
2931 8224.419682 4346.299592 5750.000000 128 128 128 0.0 2 2930
2932 8213.498972 4766.469929 1250.000000 128 128 128 0.0 2 2931
2933 8213.498972 4766.469929 3500.000000 128 128 128 0.0 2 2932
2934 8213.498972 4766.469929 5750.000000 128 128 128 0.0 2 2933
2935 8202.576850 5186.640492 1250.000000 128 128 128 0.0 2 2934
2936 8202.576850 5186.640492 3500.000000 128 128 128 0.0 2 2935
2937 8202.576850 5186.640492 5750.000000 128 128 128 0.0 2 2936
2938 8191.653315 5606.811283 1250.000000 128 128 128 0.0 2 2937
2939 8191.653315 5606.811283 3500.000000 128 128 128 0.0 2 2938
2940 8191.653315 5606.811283 5750.000000 128 128 128 0.0 2 2939
2941 8180.728367 6026.982301 1250.000000 128 128 128 0.0 2 2940
2942 8180.728367 6026.982301 3500.000000 128 128 128 0.0 2 2941
2943 8180.728367 6026.982301 5750.000000 128 128 128 0.0 2 2942
2944 8169.802007 6447.153546 1250.000000 128 128 128 0.0 2 2943
2945 8169.802007 6447.153546 3500.000000 128 128 128 0.0 2 2944
2946 8169.802007 6447.153546 5750.000000 128 128 128 0.0 2 2945
2947 8158.874234 6867.325019 1250.000000 128 128 128 0.0 2 2946
2948 8158.874234 6867.325019 3500.000000 128 128 128 0.0 2 2947
2949 8158.874234 6867.325019 5750.000000 128 128 128 0.0 2 2948
2950 8147.945049 7287.496718 1250.000000 128 128 128 0.0 2 2949
2951 8147.945049 7287.496718 3500.000000 128 128 128 0.0 2 2950
2952 8147.945049 7287.496718 5750.000000 128 128 128 0.0 2 2951
2953 8137.014452 7707.668645 1250.000000 128 128 128 0.0 2 2952
2954 8137.014452 7707.668645 3500.000000 128 128 128 0.0 2 2953
2955 8137.014452 7707.668645 5750.000000 128 128 128 0.0 2 2954
2956 8126.082442 8127.840799 1250.000000 128 128 128 0.0 2 2955
2957 8126.082442 8127.840799 3500.000000 128 128 128 0.0 2 2956
2958 8126.082442 8127.840799 5750.000000 128 128 128 0.0 2 2957
2959 9069.335750 -5721.954468 1250.000000 128 128 128 0.0 2 2958
2960 9069.335750 -5721.954468 3500.000000 128 128 128 0.0 2 2959
2961 9069.335750 -5721.954468 5750.000000 128 128 128 0.0 2 2960
2962 9058.390104 -5301.789752 1250.000000 128 128 128 0.0 2 2961
2963 9058.390104 -5301.789752 3500.000000 128 128 128 0.0 2 2962
2964 9058.390104 -5301.789752 5750.000000 128 128 128 0.0 2 2963
2965 9047.443034 -4881.624809 1250.000000 128 128 128 0.0 2 2964
2966 9047.443034 -4881.624809 3500.000000 128 128 128 0.0 2 2965
2967 9047.443034 -4881.624809 5750.000000 128 128 128 0.0 2 2966
2968 9036.494542 -4461.459640 1250.000000 128 128 128 0.0 2 2967
2969 9036.494542 -4461.459640 3500.000000 128 128 128 0.0 2 2968
2970 9036.494542 -4461.459640 5750.000000 128 128 128 0.0 2 2969
2971 9025.544628 -4041.294245 1250.000000 128 128 128 0.0 2 2970
2972 9025.544628 -4041.294245 3500.000000 128 128 128 0.0 2 2971
2973 9025.544628 -4041.294245 5750.000000 128 128 128 0.0 2 2972
2974 9014.593291 -3621.128623 1250.000000 128 128 128 0.0 2 2973
2975 9014.593291 -3621.128623 3500.000000 128 128 128 0.0 2 2974
2976 9014.593291 -3621.128623 5750.000000 128 128 128 0.0 2 2975
2977 9003.640532 -3200.962775 1250.000000 128 128 128 0.0 2 2976
2978 9003.640532 -3200.962775 3500.000000 128 128 128 0.0 2 2977
2979 9003.640532 -3200.962775 5750.000000 128 128 128 0.0 2 2978
2980 8992.686350 -2780.796700 1250.000000 128 128 128 0.0 2 2979
2981 8992.686350 -2780.796700 3500.000000 128 128 128 0.0 2 2980
2982 8992.686350 -2780.796700 5750.000000 128 128 128 0.0 2 2981
2983 8981.730747 -2360.630399 1250.000000 128 128 128 0.0 2 2982
2984 8981.730747 -2360.630399 3500.000000 128 128 128 0.0 2 2983
2985 8981.730747 -2360.630399 5750.000000 128 128 128 0.0 2 2984
2986 8970.773721 -1940.463871 1250.000000 128 128 128 0.0 2 2985
2987 8970.773721 -1940.463871 3500.000000 128 128 128 0.0 2 2986
2988 8970.773721 -1940.463871 5750.000000 128 128 128 0.0 2 2987
2989 8959.815273 -1520.297117 1250.000000 128 128 128 0.0 2 2988
2990 8959.815273 -1520.297117 3500.000000 128 128 128 0.0 2 2989
2991 8959.815273 -1520.297117 5750.000000 128 128 128 0.0 2 2990
2992 8948.855404 -1100.130136 1250.000000 128 128 128 0.0 2 2991
2993 8948.855404 -1100.130136 3500.000000 128 128 128 0.0 2 2992
2994 8948.855404 -1100.130136 5750.000000 128 128 128 0.0 2 2993
2995 8937.894113 -679.962928 1250.000000 128 128 128 0.0 2 2994
2996 8937.894113 -679.962928 3500.000000 128 128 128 0.0 2 2995
2997 8937.894113 -679.962928 5750.000000 128 128 128 0.0 2 2996
2998 8926.931400 -259.795494 1250.000000 128 128 128 0.0 2 2997
2999 8926.931400 -259.795494 3500.000000 128 128 128 0.0 2 2998
3000 8926.931400 -259.795494 5750.000000 128 128 128 0.0 2 2999
3001 8915.967265 160.372166 1250.000000 128 128 128 0.0 2 3000
3002 8915.967265 160.372166 3500.000000 128 128 128 0.0 2 3001
3003 8915.967265 160.372166 5750.000000 128 128 128 0.0 2 3002
3004 8905.001709 580.540053 1250.000000 128 128 128 0.0 2 3003
3005 8905.001709 580.540053 3500.000000 128 128 128 0.0 2 3004
3006 8905.001709 580.540053 5750.000000 128 128 128 0.0 2 3005
3007 8894.034732 1000.708167 1250.000000 128 128 128 0.0 2 3006
3008 8894.034732 1000.708167 3500.000000 128 128 128 0.0 2 3007
3009 8894.034732 1000.708167 5750.000000 128 128 128 0.0 2 3008
3010 8883.066333 1420.876507 1250.000000 128 128 128 0.0 2 3009
3011 8883.066333 1420.876507 3500.000000 128 128 128 0.0 2 3010
3012 8883.066333 1420.876507 5750.000000 128 128 128 0.0 2 3011
3013 8872.096513 1841.045074 1250.000000 128 128 128 0.0 2 3012
3014 8872.096513 1841.045074 3500.000000 128 128 128 0.0 2 3013
3015 8872.096513 1841.045074 5750.000000 128 128 128 0.0 2 3014
3016 8861.125272 2261.213867 1250.000000 128 128 128 0.0 2 3015
3017 8861.125272 2261.213867 3500.000000 128 128 128 0.0 2 3016
3018 8861.125272 2261.213867 5750.000000 128 128 128 0.0 2 3017
3019 8850.152610 2681.382887 1250.000000 128 128 128 0.0 2 3018
3020 8850.152610 2681.382887 3500.000000 128 128 128 0.0 2 3019
3021 8850.152610 2681.382887 5750.000000 128 128 128 0.0 2 3020
3022 8839.178527 3101.552134 1250.000000 128 128 128 0.0 2 3021
3023 8839.178527 3101.552134 3500.000000 128 128 128 0.0 2 3022
3024 8839.178527 3101.552134 5750.000000 128 128 128 0.0 2 3023
3025 8828.203023 3521.721607 1250.000000 128 128 128 0.0 2 3024
3026 8828.203023 3521.721607 3500.000000 128 128 128 0.0 2 3025
3027 8828.203023 3521.721607 5750.000000 128 128 128 0.0 2 3026
3028 8817.226099 3941.891307 1250.000000 128 128 128 0.0 2 3027
3029 8817.226099 3941.891307 3500.000000 128 128 128 0.0 2 3028
3030 8817.226099 3941.891307 5750.000000 128 128 128 0.0 2 3029
3031 8806.247753 4362.061233 1250.000000 128 128 128 0.0 2 3030
3032 8806.247753 4362.061233 3500.000000 128 128 128 0.0 2 3031
3033 8806.247753 4362.061233 5750.000000 128 128 128 0.0 2 3032
3034 8795.267988 4782.231386 1250.000000 128 128 128 0.0 2 3033
3035 8795.267988 4782.231386 3500.000000 128 128 128 0.0 2 3034
3036 8795.267988 4782.231386 5750.000000 128 128 128 0.0 2 3035
3037 8784.286801 5202.401766 1250.000000 128 128 128 0.0 2 3036
3038 8784.286801 5202.401766 3500.000000 128 128 128 0.0 2 3037
3039 8784.286801 5202.401766 5750.000000 128 128 128 0.0 2 3038
3040 8773.304195 5622.572373 1250.000000 128 128 128 0.0 2 3039
3041 8773.304195 5622.572373 3500.000000 128 128 128 0.0 2 3040
3042 8773.304195 5622.572373 5750.000000 128 128 128 0.0 2 3041
3043 8762.320168 6042.743206 1250.000000 128 128 128 0.0 2 3042
3044 8762.320168 6042.743206 3500.000000 128 128 128 0.0 2 3043
3045 8762.320168 6042.743206 5750.000000 128 128 128 0.0 2 3044
3046 8751.334721 6462.914265 1250.000000 128 128 128 0.0 2 3045
3047 8751.334721 6462.914265 3500.000000 128 128 128 0.0 2 3046
3048 8751.334721 6462.914265 5750.000000 128 128 128 0.0 2 3047
3049 8740.347854 6883.085552 1250.000000 128 128 128 0.0 2 3048
3050 8740.347854 6883.085552 3500.000000 128 128 128 0.0 2 3049
3051 8740.347854 6883.085552 5750.000000 128 128 128 0.0 2 3050
3052 8729.359567 7303.257065 1250.000000 128 128 128 0.0 2 3051
3053 8729.359567 7303.257065 3500.000000 128 128 128 0.0 2 3052
3054 8729.359567 7303.257065 5750.000000 128 128 128 0.0 2 3053
3055 8718.369860 7723.428805 1250.000000 128 128 128 0.0 2 3054
3056 8718.369860 7723.428805 3500.000000 128 128 128 0.0 2 3055
3057 8718.369860 7723.428805 5750.000000 128 128 128 0.0 2 3056
3058 8707.378733 8143.600771 1250.000000 128 128 128 0.0 2 3057
3059 8707.378733 8143.600771 3500.000000 128 128 128 0.0 2 3058
3060 8707.378733 8143.600771 5750.000000 128 128 128 0.0 2 3059
3061 9652.576552 -5706.066024 1250.000000 128 128 128 0.0 2 3060
3062 9652.576552 -5706.066024 3500.000000 128 128 128 0.0 2 3061
3063 9652.576552 -5706.066024 5750.000000 128 128 128 0.0 2 3062
3064 9641.572032 -5285.901478 1250.000000 128 128 128 0.0 2 3063
3065 9641.572032 -5285.901478 3500.000000 128 128 128 0.0 2 3064
3066 9641.572032 -5285.901478 5750.000000 128 128 128 0.0 2 3065
3067 9630.566082 -4865.736705 1250.000000 128 128 128 0.0 2 3066
3068 9630.566082 -4865.736705 3500.000000 128 128 128 0.0 2 3067
3069 9630.566082 -4865.736705 5750.000000 128 128 128 0.0 2 3068
3070 9619.558701 -4445.571706 1250.000000 128 128 128 0.0 2 3069
3071 9619.558701 -4445.571706 3500.000000 128 128 128 0.0 2 3070
3072 9619.558701 -4445.571706 5750.000000 128 128 128 0.0 2 3071
3073 9608.549890 -4025.406481 1250.000000 128 128 128 0.0 2 3072
3074 9608.549890 -4025.406481 3500.000000 128 128 128 0.0 2 3073
3075 9608.549890 -4025.406481 5750.000000 128 128 128 0.0 2 3074
3076 9597.539649 -3605.241031 1250.000000 128 128 128 0.0 2 3075
3077 9597.539649 -3605.241031 3500.000000 128 128 128 0.0 2 3076
3078 9597.539649 -3605.241031 5750.000000 128 128 128 0.0 2 3077
3079 9586.527978 -3185.075354 1250.000000 128 128 128 0.0 2 3078
3080 9586.527978 -3185.075354 3500.000000 128 128 128 0.0 2 3079
3081 9586.527978 -3185.075354 5750.000000 128 128 128 0.0 2 3080
3082 9575.514877 -2764.909452 1250.000000 128 128 128 0.0 2 3081
3083 9575.514877 -2764.909452 3500.000000 128 128 128 0.0 2 3082
3084 9575.514877 -2764.909452 5750.000000 128 128 128 0.0 2 3083
3085 9564.500347 -2344.743323 1250.000000 128 128 128 0.0 2 3084
3086 9564.500347 -2344.743323 3500.000000 128 128 128 0.0 2 3085
3087 9564.500347 -2344.743323 5750.000000 128 128 128 0.0 2 3086
3088 9553.484387 -1924.576968 1250.000000 128 128 128 0.0 2 3087
3089 9553.484387 -1924.576968 3500.000000 128 128 128 0.0 2 3088
3090 9553.484387 -1924.576968 5750.000000 128 128 128 0.0 2 3089
3091 9542.466997 -1504.410388 1250.000000 128 128 128 0.0 2 3090
3092 9542.466997 -1504.410388 3500.000000 128 128 128 0.0 2 3091
3093 9542.466997 -1504.410388 5750.000000 128 128 128 0.0 2 3092
3094 9531.448177 -1084.243581 1250.000000 128 128 128 0.0 2 3093
3095 9531.448177 -1084.243581 3500.000000 128 128 128 0.0 2 3094
3096 9531.448177 -1084.243581 5750.000000 128 128 128 0.0 2 3095
3097 9520.427928 -664.076548 1250.000000 128 128 128 0.0 2 3096
3098 9520.427928 -664.076548 3500.000000 128 128 128 0.0 2 3097
3099 9520.427928 -664.076548 5750.000000 128 128 128 0.0 2 3098
3100 9509.406250 -243.909289 1250.000000 128 128 128 0.0 2 3099
3101 9509.406250 -243.909289 3500.000000 128 128 128 0.0 2 3100
3102 9509.406250 -243.909289 5750.000000 128 128 128 0.0 2 3101
3103 9498.383143 176.258195 1250.000000 128 128 128 0.0 2 3102
3104 9498.383143 176.258195 3500.000000 128 128 128 0.0 2 3103
3105 9498.383143 176.258195 5750.000000 128 128 128 0.0 2 3104
3106 9487.358607 596.425906 1250.000000 128 128 128 0.0 2 3105
3107 9487.358607 596.425906 3500.000000 128 128 128 0.0 2 3106
3108 9487.358607 596.425906 5750.000000 128 128 128 0.0 2 3107
3109 9476.332641 1016.593843 1250.000000 128 128 128 0.0 2 3108
3110 9476.332641 1016.593843 3500.000000 128 128 128 0.0 2 3109
3111 9476.332641 1016.593843 5750.000000 128 128 128 0.0 2 3110
3112 9465.305247 1436.762006 1250.000000 128 128 128 0.0 2 3111
3113 9465.305247 1436.762006 3500.000000 128 128 128 0.0 2 3112
3114 9465.305247 1436.762006 5750.000000 128 128 128 0.0 2 3113
3115 9454.276423 1856.930395 1250.000000 128 128 128 0.0 2 3114
3116 9454.276423 1856.930395 3500.000000 128 128 128 0.0 2 3115
3117 9454.276423 1856.930395 5750.000000 128 128 128 0.0 2 3116
3118 9443.246171 2277.099010 1250.000000 128 128 128 0.0 2 3117
3119 9443.246171 2277.099010 3500.000000 128 128 128 0.0 2 3118
3120 9443.246171 2277.099010 5750.000000 128 128 128 0.0 2 3119
3121 9432.214491 2697.267852 1250.000000 128 128 128 0.0 2 3120
3122 9432.214491 2697.267852 3500.000000 128 128 128 0.0 2 3121
3123 9432.214491 2697.267852 5750.000000 128 128 128 0.0 2 3122
3124 9421.181381 3117.436919 1250.000000 128 128 128 0.0 2 3123
3125 9421.181381 3117.436919 3500.000000 128 128 128 0.0 2 3124
3126 9421.181381 3117.436919 5750.000000 128 128 128 0.0 2 3125
3127 9410.146844 3537.606213 1250.000000 128 128 128 0.0 2 3126
3128 9410.146844 3537.606213 3500.000000 128 128 128 0.0 2 3127
3129 9410.146844 3537.606213 5750.000000 128 128 128 0.0 2 3128
3130 9399.110878 3957.775732 1250.000000 128 128 128 0.0 2 3129
3131 9399.110878 3957.775732 3500.000000 128 128 128 0.0 2 3130
3132 9399.110878 3957.775732 5750.000000 128 128 128 0.0 2 3131
3133 9388.073483 4377.945478 1250.000000 128 128 128 0.0 2 3132
3134 9388.073483 4377.945478 3500.000000 128 128 128 0.0 2 3133
3135 9388.073483 4377.945478 5750.000000 128 128 128 0.0 2 3134
3136 9377.034661 4798.115450 1250.000000 128 128 128 0.0 2 3135
3137 9377.034661 4798.115450 3500.000000 128 128 128 0.0 2 3136
3138 9377.034661 4798.115450 5750.000000 128 128 128 0.0 2 3137
3139 9365.994410 5218.285648 1250.000000 128 128 128 0.0 2 3138
3140 9365.994410 5218.285648 3500.000000 128 128 128 0.0 2 3139
3141 9365.994410 5218.285648 5750.000000 128 128 128 0.0 2 3140
3142 9354.952732 5638.456072 1250.000000 128 128 128 0.0 2 3141
3143 9354.952732 5638.456072 3500.000000 128 128 128 0.0 2 3142
3144 9354.952732 5638.456072 5750.000000 128 128 128 0.0 2 3143
3145 9343.909625 6058.626722 1250.000000 128 128 128 0.0 2 3144
3146 9343.909625 6058.626722 3500.000000 128 128 128 0.0 2 3145
3147 9343.909625 6058.626722 5750.000000 128 128 128 0.0 2 3146
3148 9332.865091 6478.797599 1250.000000 128 128 128 0.0 2 3147
3149 9332.865091 6478.797599 3500.000000 128 128 128 0.0 2 3148
3150 9332.865091 6478.797599 5750.000000 128 128 128 0.0 2 3149
3151 9321.819129 6898.968702 1250.000000 128 128 128 0.0 2 3150
3152 9321.819129 6898.968702 3500.000000 128 128 128 0.0 2 3151
3153 9321.819129 6898.968702 5750.000000 128 128 128 0.0 2 3152
3154 9310.771739 7319.140031 1250.000000 128 128 128 0.0 2 3153
3155 9310.771739 7319.140031 3500.000000 128 128 128 0.0 2 3154
3156 9310.771739 7319.140031 5750.000000 128 128 128 0.0 2 3155
3157 9299.722922 7739.311586 1250.000000 128 128 128 0.0 2 3156
3158 9299.722922 7739.311586 3500.000000 128 128 128 0.0 2 3157
3159 9299.722922 7739.311586 5750.000000 128 128 128 0.0 2 3158
3160 9288.672678 8159.483367 1250.000000 128 128 128 0.0 2 3159
3161 9288.672678 8159.483367 3500.000000 128 128 128 0.0 2 3160
3162 9288.672678 8159.483367 5750.000000 128 128 128 0.0 2 3161
3163 10235.815011 -5690.055032 1250.000000 128 128 128 0.0 2 3162
3164 10235.815011 -5690.055032 3500.000000 128 128 128 0.0 2 3163
3165 10235.815011 -5690.055032 5750.000000 128 128 128 0.0 2 3164
3166 10224.751617 -5269.890652 1250.000000 128 128 128 0.0 2 3165
3167 10224.751617 -5269.890652 3500.000000 128 128 128 0.0 2 3166
3168 10224.751617 -5269.890652 5750.000000 128 128 128 0.0 2 3167
3169 10213.686785 -4849.726046 1250.000000 128 128 128 0.0 2 3168
3170 10213.686785 -4849.726046 3500.000000 128 128 128 0.0 2 3169
3171 10213.686785 -4849.726046 5750.000000 128 128 128 0.0 2 3170
3172 10202.620515 -4429.561215 1250.000000 128 128 128 0.0 2 3171
3173 10202.620515 -4429.561215 3500.000000 128 128 128 0.0 2 3172
3174 10202.620515 -4429.561215 5750.000000 128 128 128 0.0 2 3173
3175 10191.552807 -4009.396159 1250.000000 128 128 128 0.0 2 3174
3176 10191.552807 -4009.396159 3500.000000 128 128 128 0.0 2 3175
3177 10191.552807 -4009.396159 5750.000000 128 128 128 0.0 2 3176
3178 10180.483661 -3589.230877 1250.000000 128 128 128 0.0 2 3177
3179 10180.483661 -3589.230877 3500.000000 128 128 128 0.0 2 3178
3180 10180.483661 -3589.230877 5750.000000 128 128 128 0.0 2 3179
3181 10169.413078 -3169.065370 1250.000000 128 128 128 0.0 2 3180
3182 10169.413078 -3169.065370 3500.000000 128 128 128 0.0 2 3181
3183 10169.413078 -3169.065370 5750.000000 128 128 128 0.0 2 3182
3184 10158.341057 -2748.899637 1250.000000 128 128 128 0.0 2 3183
3185 10158.341057 -2748.899637 3500.000000 128 128 128 0.0 2 3184
3186 10158.341057 -2748.899637 5750.000000 128 128 128 0.0 2 3185
3187 10147.267599 -2328.733679 1250.000000 128 128 128 0.0 2 3186
3188 10147.267599 -2328.733679 3500.000000 128 128 128 0.0 2 3187
3189 10147.267599 -2328.733679 5750.000000 128 128 128 0.0 2 3188
3190 10136.192704 -1908.567495 1250.000000 128 128 128 0.0 2 3189
3191 10136.192704 -1908.567495 3500.000000 128 128 128 0.0 2 3190
3192 10136.192704 -1908.567495 5750.000000 128 128 128 0.0 2 3191
3193 10125.116371 -1488.401086 1250.000000 128 128 128 0.0 2 3192
3194 10125.116371 -1488.401086 3500.000000 128 128 128 0.0 2 3193
3195 10125.116371 -1488.401086 5750.000000 128 128 128 0.0 2 3194
3196 10114.038601 -1068.234451 1250.000000 128 128 128 0.0 2 3195
3197 10114.038601 -1068.234451 3500.000000 128 128 128 0.0 2 3196
3198 10114.038601 -1068.234451 5750.000000 128 128 128 0.0 2 3197
3199 10102.959394 -648.067591 1250.000000 128 128 128 0.0 2 3198
3200 10102.959394 -648.067591 3500.000000 128 128 128 0.0 2 3199
3201 10102.959394 -648.067591 5750.000000 128 128 128 0.0 2 3200
3202 10091.878750 -227.900505 1250.000000 128 128 128 0.0 2 3201
3203 10091.878750 -227.900505 3500.000000 128 128 128 0.0 2 3202
3204 10091.878750 -227.900505 5750.000000 128 128 128 0.0 2 3203
3205 10080.796670 192.266806 1250.000000 128 128 128 0.0 2 3204
3206 10080.796670 192.266806 3500.000000 128 128 128 0.0 2 3205
3207 10080.796670 192.266806 5750.000000 128 128 128 0.0 2 3206
3208 10069.713152 612.434343 1250.000000 128 128 128 0.0 2 3207
3209 10069.713152 612.434343 3500.000000 128 128 128 0.0 2 3208
3210 10069.713152 612.434343 5750.000000 128 128 128 0.0 2 3209
3211 10058.628198 1032.602105 1250.000000 128 128 128 0.0 2 3210
3212 10058.628198 1032.602105 3500.000000 128 128 128 0.0 2 3211
3213 10058.628198 1032.602105 5750.000000 128 128 128 0.0 2 3212
3214 10047.541807 1452.770093 1250.000000 128 128 128 0.0 2 3213
3215 10047.541807 1452.770093 3500.000000 128 128 128 0.0 2 3214
3216 10047.541807 1452.770093 5750.000000 128 128 128 0.0 2 3215
3217 10036.453980 1872.938307 1250.000000 128 128 128 0.0 2 3216
3218 10036.453980 1872.938307 3500.000000 128 128 128 0.0 2 3217
3219 10036.453980 1872.938307 5750.000000 128 128 128 0.0 2 3218
3220 10025.364716 2293.106746 1250.000000 128 128 128 0.0 2 3219
3221 10025.364716 2293.106746 3500.000000 128 128 128 0.0 2 3220
3222 10025.364716 2293.106746 5750.000000 128 128 128 0.0 2 3221
3223 10014.274017 2713.275411 1250.000000 128 128 128 0.0 2 3222
3224 10014.274017 2713.275411 3500.000000 128 128 128 0.0 2 3223
3225 10014.274017 2713.275411 5750.000000 128 128 128 0.0 2 3224
3226 10003.181880 3133.444302 1250.000000 128 128 128 0.0 2 3225
3227 10003.181880 3133.444302 3500.000000 128 128 128 0.0 2 3226
3228 10003.181880 3133.444302 5750.000000 128 128 128 0.0 2 3227
3229 9992.088308 3553.613418 1250.000000 128 128 128 0.0 2 3228
3230 9992.088308 3553.613418 3500.000000 128 128 128 0.0 2 3229
3231 9992.088308 3553.613418 5750.000000 128 128 128 0.0 2 3230
3232 9980.993300 3973.782759 1250.000000 128 128 128 0.0 2 3231
3233 9980.993300 3973.782759 3500.000000 128 128 128 0.0 2 3232
3234 9980.993300 3973.782759 5750.000000 128 128 128 0.0 2 3233
3235 9969.896856 4393.952326 1250.000000 128 128 128 0.0 2 3234
3236 9969.896856 4393.952326 3500.000000 128 128 128 0.0 2 3235
3237 9969.896856 4393.952326 5750.000000 128 128 128 0.0 2 3236
3238 9958.798976 4814.122119 1250.000000 128 128 128 0.0 2 3237
3239 9958.798976 4814.122119 3500.000000 128 128 128 0.0 2 3238
3240 9958.798976 4814.122119 5750.000000 128 128 128 0.0 2 3239
3241 9947.699661 5234.292138 1250.000000 128 128 128 0.0 2 3240
3242 9947.699661 5234.292138 3500.000000 128 128 128 0.0 2 3241
3243 9947.699661 5234.292138 5750.000000 128 128 128 0.0 2 3242
3244 9936.598909 5654.462382 1250.000000 128 128 128 0.0 2 3243
3245 9936.598909 5654.462382 3500.000000 128 128 128 0.0 2 3244
3246 9936.598909 5654.462382 5750.000000 128 128 128 0.0 2 3245
3247 9925.496723 6074.632852 1250.000000 128 128 128 0.0 2 3246
3248 9925.496723 6074.632852 3500.000000 128 128 128 0.0 2 3247
3249 9925.496723 6074.632852 5750.000000 128 128 128 0.0 2 3248
3250 9914.393101 6494.803548 1250.000000 128 128 128 0.0 2 3249
3251 9914.393101 6494.803548 3500.000000 128 128 128 0.0 2 3250
3252 9914.393101 6494.803548 5750.000000 128 128 128 0.0 2 3251
3253 9903.288043 6914.974469 1250.000000 128 128 128 0.0 2 3252
3254 9903.288043 6914.974469 3500.000000 128 128 128 0.0 2 3253
3255 9903.288043 6914.974469 5750.000000 128 128 128 0.0 2 3254
3256 9892.181550 7335.145616 1250.000000 128 128 128 0.0 2 3255
3257 9892.181550 7335.145616 3500.000000 128 128 128 0.0 2 3256
3258 9892.181550 7335.145616 5750.000000 128 128 128 0.0 2 3257
3259 9881.073623 7755.316988 1250.000000 128 128 128 0.0 2 3258
3260 9881.073623 7755.316988 3500.000000 128 128 128 0.0 2 3259
3261 9881.073623 7755.316988 5750.000000 128 128 128 0.0 2 3260
3262 9869.964260 8175.488587 1250.000000 128 128 128 0.0 2 3261
3263 9869.964260 8175.488587 3500.000000 128 128 128 0.0 2 3262
3264 9869.964260 8175.488587 5750.000000 128 128 128 0.0 2 3263
3265 10819.051111 -5673.921489 1250.000000 128 128 128 0.0 2 3264
3266 10819.051111 -5673.921489 3500.000000 128 128 128 0.0 2 3265
3267 10819.051111 -5673.921489 5750.000000 128 128 128 0.0 2 3266
3268 10807.928843 -5253.757273 1250.000000 128 128 128 0.0 2 3267
3269 10807.928843 -5253.757273 3500.000000 128 128 128 0.0 2 3268
3270 10807.928843 -5253.757273 5750.000000 128 128 128 0.0 2 3269
3271 10796.805128 -4833.592833 1250.000000 128 128 128 0.0 2 3270
3272 10796.805128 -4833.592833 3500.000000 128 128 128 0.0 2 3271
3273 10796.805128 -4833.592833 5750.000000 128 128 128 0.0 2 3272
3274 10785.679968 -4413.428168 1250.000000 128 128 128 0.0 2 3273
3275 10785.679968 -4413.428168 3500.000000 128 128 128 0.0 2 3274
3276 10785.679968 -4413.428168 5750.000000 128 128 128 0.0 2 3275
3277 10774.553363 -3993.263278 1250.000000 128 128 128 0.0 2 3276
3278 10774.553363 -3993.263278 3500.000000 128 128 128 0.0 2 3277
3279 10774.553363 -3993.263278 5750.000000 128 128 128 0.0 2 3278
3280 10763.425312 -3573.098163 1250.000000 128 128 128 0.0 2 3279
3281 10763.425312 -3573.098163 3500.000000 128 128 128 0.0 2 3280
3282 10763.425312 -3573.098163 5750.000000 128 128 128 0.0 2 3281
3283 10752.295816 -3152.932822 1250.000000 128 128 128 0.0 2 3282
3284 10752.295816 -3152.932822 3500.000000 128 128 128 0.0 2 3283
3285 10752.295816 -3152.932822 5750.000000 128 128 128 0.0 2 3284
3286 10741.164875 -2732.767257 1250.000000 128 128 128 0.0 2 3285
3287 10741.164875 -2732.767257 3500.000000 128 128 128 0.0 2 3286
3288 10741.164875 -2732.767257 5750.000000 128 128 128 0.0 2 3287
3289 10730.032488 -2312.601467 1250.000000 128 128 128 0.0 2 3288
3290 10730.032488 -2312.601467 3500.000000 128 128 128 0.0 2 3289
3291 10730.032488 -2312.601467 5750.000000 128 128 128 0.0 2 3290
3292 10718.898657 -1892.435452 1250.000000 128 128 128 0.0 2 3291
3293 10718.898657 -1892.435452 3500.000000 128 128 128 0.0 2 3292
3294 10718.898657 -1892.435452 5750.000000 128 128 128 0.0 2 3293
3295 10707.763381 -1472.269212 1250.000000 128 128 128 0.0 2 3294
3296 10707.763381 -1472.269212 3500.000000 128 128 128 0.0 2 3295
3297 10707.763381 -1472.269212 5750.000000 128 128 128 0.0 2 3296
3298 10696.626660 -1052.102747 1250.000000 128 128 128 0.0 2 3297
3299 10696.626660 -1052.102747 3500.000000 128 128 128 0.0 2 3298
3300 10696.626660 -1052.102747 5750.000000 128 128 128 0.0 2 3299
3301 10685.488494 -631.936057 1250.000000 128 128 128 0.0 2 3300
3302 10685.488494 -631.936057 3500.000000 128 128 128 0.0 2 3301
3303 10685.488494 -631.936057 5750.000000 128 128 128 0.0 2 3302
3304 10674.348884 -211.769142 1250.000000 128 128 128 0.0 2 3303
3305 10674.348884 -211.769142 3500.000000 128 128 128 0.0 2 3304
3306 10674.348884 -211.769142 5750.000000 128 128 128 0.0 2 3305
3307 10663.207830 208.397999 1250.000000 128 128 128 0.0 2 3306
3308 10663.207830 208.397999 3500.000000 128 128 128 0.0 2 3307
3309 10663.207830 208.397999 5750.000000 128 128 128 0.0 2 3308
3310 10652.065330 628.565364 1250.000000 128 128 128 0.0 2 3309
3311 10652.065330 628.565364 3500.000000 128 128 128 0.0 2 3310
3312 10652.065330 628.565364 5750.000000 128 128 128 0.0 2 3311
3313 10640.921387 1048.732954 1250.000000 128 128 128 0.0 2 3312
3314 10640.921387 1048.732954 3500.000000 128 128 128 0.0 2 3313
3315 10640.921387 1048.732954 5750.000000 128 128 128 0.0 2 3314
3316 10629.775999 1468.900769 1250.000000 128 128 128 0.0 2 3315
3317 10629.775999 1468.900769 3500.000000 128 128 128 0.0 2 3316
3318 10629.775999 1468.900769 5750.000000 128 128 128 0.0 2 3317
3319 10618.629168 1889.068810 1250.000000 128 128 128 0.0 2 3318
3320 10618.629168 1889.068810 3500.000000 128 128 128 0.0 2 3319
3321 10618.629168 1889.068810 5750.000000 128 128 128 0.0 2 3320
3322 10607.480892 2309.237075 1250.000000 128 128 128 0.0 2 3321
3323 10607.480892 2309.237075 3500.000000 128 128 128 0.0 2 3322
3324 10607.480892 2309.237075 5750.000000 128 128 128 0.0 2 3323
3325 10596.331172 2729.405566 1250.000000 128 128 128 0.0 2 3324
3326 10596.331172 2729.405566 3500.000000 128 128 128 0.0 2 3325
3327 10596.331172 2729.405566 5750.000000 128 128 128 0.0 2 3326
3328 10585.180009 3149.574282 1250.000000 128 128 128 0.0 2 3327
3329 10585.180009 3149.574282 3500.000000 128 128 128 0.0 2 3328
3330 10585.180009 3149.574282 5750.000000 128 128 128 0.0 2 3329
3331 10574.027402 3569.743222 1250.000000 128 128 128 0.0 2 3330
3332 10574.027402 3569.743222 3500.000000 128 128 128 0.0 2 3331
3333 10574.027402 3569.743222 5750.000000 128 128 128 0.0 2 3332
3334 10562.873351 3989.912388 1250.000000 128 128 128 0.0 2 3333
3335 10562.873351 3989.912388 3500.000000 128 128 128 0.0 2 3334
3336 10562.873351 3989.912388 5750.000000 128 128 128 0.0 2 3335
3337 10551.717857 4410.081779 1250.000000 128 128 128 0.0 2 3336
3338 10551.717857 4410.081779 3500.000000 128 128 128 0.0 2 3337
3339 10551.717857 4410.081779 5750.000000 128 128 128 0.0 2 3338
3340 10540.560919 4830.251396 1250.000000 128 128 128 0.0 2 3339
3341 10540.560919 4830.251396 3500.000000 128 128 128 0.0 2 3340
3342 10540.560919 4830.251396 5750.000000 128 128 128 0.0 2 3341
3343 10529.402538 5250.421237 1250.000000 128 128 128 0.0 2 3342
3344 10529.402538 5250.421237 3500.000000 128 128 128 0.0 2 3343
3345 10529.402538 5250.421237 5750.000000 128 128 128 0.0 2 3344
3346 10518.242713 5670.591303 1250.000000 128 128 128 0.0 2 3345
3347 10518.242713 5670.591303 3500.000000 128 128 128 0.0 2 3346
3348 10518.242713 5670.591303 5750.000000 128 128 128 0.0 2 3347
3349 10507.081446 6090.761595 1250.000000 128 128 128 0.0 2 3348
3350 10507.081446 6090.761595 3500.000000 128 128 128 0.0 2 3349
3351 10507.081446 6090.761595 5750.000000 128 128 128 0.0 2 3350
3352 10495.918735 6510.932112 1250.000000 128 128 128 0.0 2 3351
3353 10495.918735 6510.932112 3500.000000 128 128 128 0.0 2 3352
3354 10495.918735 6510.932112 5750.000000 128 128 128 0.0 2 3353
3355 10484.754582 6931.102853 1250.000000 128 128 128 0.0 2 3354
3356 10484.754582 6931.102853 3500.000000 128 128 128 0.0 2 3355
3357 10484.754582 6931.102853 5750.000000 128 128 128 0.0 2 3356
3358 10473.588985 7351.273821 1250.000000 128 128 128 0.0 2 3357
3359 10473.588985 7351.273821 3500.000000 128 128 128 0.0 2 3358
3360 10473.588985 7351.273821 5750.000000 128 128 128 0.0 2 3359
3361 10462.421946 7771.445013 1250.000000 128 128 128 0.0 2 3360
3362 10462.421946 7771.445013 3500.000000 128 128 128 0.0 2 3361
3363 10462.421946 7771.445013 5750.000000 128 128 128 0.0 2 3362
3364 10451.253464 8191.616430 1250.000000 128 128 128 0.0 2 3363
3365 10451.253464 8191.616430 3500.000000 128 128 128 0.0 2 3364
3366 10451.253464 8191.616430 5750.000000 128 128 128 0.0 2 3365
3367 11402.284838 -5657.665396 1250.000000 128 128 128 0.0 2 3366
3368 11402.284838 -5657.665396 3500.000000 128 128 128 0.0 2 3367
3369 11402.284838 -5657.665396 5750.000000 128 128 128 0.0 2 3368
3370 11391.103694 -5237.501342 1250.000000 128 128 128 0.0 2 3369
3371 11391.103694 -5237.501342 3500.000000 128 128 128 0.0 2 3370
3372 11391.103694 -5237.501342 5750.000000 128 128 128 0.0 2 3371
3373 11379.921097 -4817.337065 1250.000000 128 128 128 0.0 2 3372
3374 11379.921097 -4817.337065 3500.000000 128 128 128 0.0 2 3373
3375 11379.921097 -4817.337065 5750.000000 128 128 128 0.0 2 3374
3376 11368.737046 -4397.172563 1250.000000 128 128 128 0.0 2 3375
3377 11368.737046 -4397.172563 3500.000000 128 128 128 0.0 2 3376
3378 11368.737046 -4397.172563 5750.000000 128 128 128 0.0 2 3377
3379 11357.551543 -3977.007837 1250.000000 128 128 128 0.0 2 3378
3380 11357.551543 -3977.007837 3500.000000 128 128 128 0.0 2 3379
3381 11357.551543 -3977.007837 5750.000000 128 128 128 0.0 2 3380
3382 11346.364586 -3556.842886 1250.000000 128 128 128 0.0 2 3381
3383 11346.364586 -3556.842886 3500.000000 128 128 128 0.0 2 3382
3384 11346.364586 -3556.842886 5750.000000 128 128 128 0.0 2 3383
3385 11335.176177 -3136.677711 1250.000000 128 128 128 0.0 2 3384
3386 11335.176177 -3136.677711 3500.000000 128 128 128 0.0 2 3385
3387 11335.176177 -3136.677711 5750.000000 128 128 128 0.0 2 3386
3388 11323.986314 -2716.512311 1250.000000 128 128 128 0.0 2 3387
3389 11323.986314 -2716.512311 3500.000000 128 128 128 0.0 2 3388
3390 11323.986314 -2716.512311 5750.000000 128 128 128 0.0 2 3389
3391 11312.794999 -2296.346687 1250.000000 128 128 128 0.0 2 3390
3392 11312.794999 -2296.346687 3500.000000 128 128 128 0.0 2 3391
3393 11312.794999 -2296.346687 5750.000000 128 128 128 0.0 2 3392
3394 11301.602232 -1876.180838 1250.000000 128 128 128 0.0 2 3393
3395 11301.602232 -1876.180838 3500.000000 128 128 128 0.0 2 3394
3396 11301.602232 -1876.180838 5750.000000 128 128 128 0.0 2 3395
3397 11290.408012 -1456.014765 1250.000000 128 128 128 0.0 2 3396
3398 11290.408012 -1456.014765 3500.000000 128 128 128 0.0 2 3397
3399 11290.408012 -1456.014765 5750.000000 128 128 128 0.0 2 3398
3400 11279.212339 -1035.848467 1250.000000 128 128 128 0.0 2 3399
3401 11279.212339 -1035.848467 3500.000000 128 128 128 0.0 2 3400
3402 11279.212339 -1035.848467 5750.000000 128 128 128 0.0 2 3401
3403 11268.015214 -615.681945 1250.000000 128 128 128 0.0 2 3402
3404 11268.015214 -615.681945 3500.000000 128 128 128 0.0 2 3403
3405 11268.015214 -615.681945 5750.000000 128 128 128 0.0 2 3404
3406 11256.816637 -195.515198 1250.000000 128 128 128 0.0 2 3405
3407 11256.816637 -195.515198 3500.000000 128 128 128 0.0 2 3406
3408 11256.816637 -195.515198 5750.000000 128 128 128 0.0 2 3407
3409 11245.616608 224.651773 1250.000000 128 128 128 0.0 2 3408
3410 11245.616608 224.651773 3500.000000 128 128 128 0.0 2 3409
3411 11245.616608 224.651773 5750.000000 128 128 128 0.0 2 3410
3412 11234.415127 644.818969 1250.000000 128 128 128 0.0 2 3411
3413 11234.415127 644.818969 3500.000000 128 128 128 0.0 2 3412
3414 11234.415127 644.818969 5750.000000 128 128 128 0.0 2 3413
3415 11223.212193 1064.986390 1250.000000 128 128 128 0.0 2 3414
3416 11223.212193 1064.986390 3500.000000 128 128 128 0.0 2 3415
3417 11223.212193 1064.986390 5750.000000 128 128 128 0.0 2 3416
3418 11212.007808 1485.154034 1250.000000 128 128 128 0.0 2 3417
3419 11212.007808 1485.154034 3500.000000 128 128 128 0.0 2 3418
3420 11212.007808 1485.154034 5750.000000 128 128 128 0.0 2 3419
3421 11200.801972 1905.321904 1250.000000 128 128 128 0.0 2 3420
3422 11200.801972 1905.321904 3500.000000 128 128 128 0.0 2 3421
3423 11200.801972 1905.321904 5750.000000 128 128 128 0.0 2 3422
3424 11189.594683 2325.489998 1250.000000 128 128 128 0.0 2 3423
3425 11189.594683 2325.489998 3500.000000 128 128 128 0.0 2 3424
3426 11189.594683 2325.489998 5750.000000 128 128 128 0.0 2 3425
3427 11178.385943 2745.658317 1250.000000 128 128 128 0.0 2 3426
3428 11178.385943 2745.658317 3500.000000 128 128 128 0.0 2 3427
3429 11178.385943 2745.658317 5750.000000 128 128 128 0.0 2 3428
3430 11167.175752 3165.826860 1250.000000 128 128 128 0.0 2 3429
3431 11167.175752 3165.826860 3500.000000 128 128 128 0.0 2 3430
3432 11167.175752 3165.826860 5750.000000 128 128 128 0.0 2 3431
3433 11155.964109 3585.995628 1250.000000 128 128 128 0.0 2 3432
3434 11155.964109 3585.995628 3500.000000 128 128 128 0.0 2 3433
3435 11155.964109 3585.995628 5750.000000 128 128 128 0.0 2 3434
3436 11144.751015 4006.164620 1250.000000 128 128 128 0.0 2 3435
3437 11144.751015 4006.164620 3500.000000 128 128 128 0.0 2 3436
3438 11144.751015 4006.164620 5750.000000 128 128 128 0.0 2 3437
3439 11133.536470 4426.333837 1250.000000 128 128 128 0.0 2 3438
3440 11133.536470 4426.333837 3500.000000 128 128 128 0.0 2 3439
3441 11133.536470 4426.333837 5750.000000 128 128 128 0.0 2 3440
3442 11122.320473 4846.503279 1250.000000 128 128 128 0.0 2 3441
3443 11122.320473 4846.503279 3500.000000 128 128 128 0.0 2 3442
3444 11122.320473 4846.503279 5750.000000 128 128 128 0.0 2 3443
3445 11111.103026 5266.672945 1250.000000 128 128 128 0.0 2 3444
3446 11111.103026 5266.672945 3500.000000 128 128 128 0.0 2 3445
3447 11111.103026 5266.672945 5750.000000 128 128 128 0.0 2 3446
3448 11099.884128 5686.842836 1250.000000 128 128 128 0.0 2 3447
3449 11099.884128 5686.842836 3500.000000 128 128 128 0.0 2 3448
3450 11099.884128 5686.842836 5750.000000 128 128 128 0.0 2 3449
3451 11088.663779 6107.012951 1250.000000 128 128 128 0.0 2 3450
3452 11088.663779 6107.012951 3500.000000 128 128 128 0.0 2 3451
3453 11088.663779 6107.012951 5750.000000 128 128 128 0.0 2 3452
3454 11077.441979 6527.183292 1250.000000 128 128 128 0.0 2 3453
3455 11077.441979 6527.183292 3500.000000 128 128 128 0.0 2 3454
3456 11077.441979 6527.183292 5750.000000 128 128 128 0.0 2 3455
3457 11066.218729 6947.353856 1250.000000 128 128 128 0.0 2 3456
3458 11066.218729 6947.353856 3500.000000 128 128 128 0.0 2 3457
3459 11066.218729 6947.353856 5750.000000 128 128 128 0.0 2 3458
3460 11054.994028 7367.524646 1250.000000 128 128 128 0.0 2 3459
3461 11054.994028 7367.524646 3500.000000 128 128 128 0.0 2 3460
3462 11054.994028 7367.524646 5750.000000 128 128 128 0.0 2 3461
3463 11043.767877 7787.695660 1250.000000 128 128 128 0.0 2 3462
3464 11043.767877 7787.695660 3500.000000 128 128 128 0.0 2 3463
3465 11043.767877 7787.695660 5750.000000 128 128 128 0.0 2 3464
3466 11032.540276 8207.866899 1250.000000 128 128 128 0.0 2 3465
3467 11032.540276 8207.866899 3500.000000 128 128 128 0.0 2 3466
3468 11032.540276 8207.866899 5750.000000 128 128 128 0.0 2 3467
